nid,pid,year_start,year_end,nature,unit,place_cjk,is_lease,ocr_pages,deed_type,n_mentions,n_price_mentions,price_value,price_family,price_unit,price_category,price_currency,price_raw,price_context,price_repeats,price_confidence,price_values_all
83791,pitt:31735064607413,1886,1886,Government,福清,福建省福清縣,,1,,0,0,,,,,,,,,,
83792,pitt:31735064607421,1946,1951,Government,福清,福建省福清縣,,1,sale,2,2,1800000.0,dollar,元,price_sale,人民幣,壹佰捌拾萬元,產種類 姓名 承受人 人民幣壹拾萬捌仟九 人民幣【壹佰捌拾萬元】 坐西向東五柱二棚樓屋直,1,ok,10000.0|1800000.0
83793,pitt:31735064607439,1929,1929,Government,古田,福建省古田縣,,1,taxdoc,2,0,,,,,,,,,,
83794,pitt:31735064607447,1866,1866,Personal,閩侯（閩縣・侯官・林森）,福建省閩邑,,1,sale,1,1,12.0,tael,兩,price_sale,足色,壹拾貳兩,王 處為業參面言議本日賣斷得地屋價足色鏡銀庫砵 【壹拾貳兩】正其銀即日隨券收清其地屋,1,ok,12.0
83795,pitt:31735064607454,1862,1862,Personal,,,,1,sale,1,1,8500.0,cash,文,price_sale,銅錢,捌仟伍百文,說今欲有憑故立賣 斷契為照 當日實交得賣斷價銅錢【捌仟伍百文】正足訖 所有上手契卷一時,1,ok,8500.0
83796,pitt:31735064607462,1931,1931,Personal,,,,1,,0,0,,,,,,,,,,
83797,pitt:31735064607470,1887,1887,Personal,閩侯（閩縣・侯官・林森）,福建省閩縣,,1,sale,1,1,75.0,tael,兩,price_sale,足色|大錠,柒拾伍兩,堂兄 錦枝處永遠為業三面言議本日賣斷得店屋價錠銀【柒拾伍兩】正庫砵大錠白足色足兌其銀,1,ok,75.0
83798,pitt:31735064607488,1890,1890,Government,閩侯（閩縣・侯官・林森）,福建省閩邑縣,,1,pawn,1,1,68.0,tael,兩,price_sale,,陸拾捌兩,白憑中統賣斷契 陳 處永遠為業三言議賣斷出屋價銀【陸拾捌兩】正庫大 銀四其銀即日經成,1,ok,68.0
83799,pitt:31735064607496,1900,1900,Government,閩侯（閩縣・侯官・林森）,福建省閩邑縣,,1,sale,1,1,44.0,tael,兩,price_sale,庫平,肆拾肆兩,軒老人會處永遠為業本日三面言議賣斷 得厝價庫平銀【肆拾肆兩】正即日隨契收足其 屋所憑,1,ok,44.0
83801,pitt:31735064607504,1918,1918,Government,閩侯（閩縣・侯官・林森）,福建省閩侯縣,,1,pawn,4,1,700.0,dollar,元,price_sale,,柒百元,要 承典人姓名 吳 不動產種類 牆屋 典 價 【柒百元】 應納稅額 貳拾壹元 原,1,ok,700.0
83802,pitt:31735064607512,1924,1924,Government,閩侯（閩縣・侯官・林森）,福建省閩侯縣,,2,pawn,7,4,125.0,dollar,元,price_sale,,壹佰貳拾伍元,中將 該屋典與 陳軍漢處為業三面議定典價銀台 伏【壹佰貳拾伍元】正又貼修理費壹 拾元合共,2,ok,10.0|125.0|135.0
83803,pitt:31735064607520,1876,1876,Government,永安,福建省永安縣,,1,sale,2,2,17.0,dollar,元,price_sale,,壹拾柒員,面時值盡骨併帶飯糧花押酒 席一應在內共成六兌價銀【壹拾柒員】正其係隨 字交付足額載今,2,ok,17.0
83804,pitt:31735064607538,1761,1762,Government,永定,福建省永定縣,,2,sale,2,2,30.0,tael,兩,price_sale,九四|星色,叁拾兩,首承買當日 憑中三向言斷時值山埔土審價銀九四星色【叁拾兩】正其銀即日隨契交訖不欠分,2,ok,30.0
83805,pitt:31735064607546,1760,1767,Government,閩清,福建省閩清縣,,2,pawn,1,1,63.0,tael,兩,price_sale,紋廣,陸拾叁兩,下今因乏用 托中典與 葉處為葉三向言議得訖田價銀【陸拾叁兩】正紋廣 其銀即日收足其田,1,ok,63.0
83806,pitt:31735064607553,1940,1940,Personal,,,,1,sale,1,1,110.0,dollar,元,price_sale,國幣,佰壹拾員,用托中引引 吳淮棉處三面言說賣契以示國所國幣銀書【佰壹拾員】正 其銀即日親手收足其山,1,ok,110.0
83807,pitt:31735064607561,1917,1917,Personal,,,,1,sale,1,1,27.0,dollar,元,price_sale,番銀,貳拾柒員,因要用托中引到 贈叔祖公勳懷諸面議賣斷得出價番銀【貳拾柒員】正 每員陸份捌分重其銀即,1,ok,27.0
83808,pitt:31735064607579,1805,1816,Government,閩侯（閩縣・侯官・林森）,福建省閩縣,,2,pawn,0,0,,,,,,,,,,
83809,pitt:31735064607587,1871,1913,Government,閩侯（閩縣・侯官・林森）,福建省閩侯縣,,4,sale,10,4,1500.0,dollar,元,price_sale,,一千五百元,千六 業主姓名 潮 青 中人姓名 潮 青 契價 【一千五百元】 其他 此契係 1917,1,ok,110.0|115.0|1500.0
83810,pitt:31735064607595,1932,1932,Government,閩清,福建省閩清縣,,2,sale,2,1,14.0,dollar,元,price_sale,大洋,拾肆員,劉紀臣處永遠為業三面言改即日約記田斷價 大洋律【拾肆員】正其銀隨契交足其田下聽臣,1,ok,14.0
83811,pitt:31735064607603,,,Government,,福建省,,1,,0,0,,,,,,,,,,
83812,pitt:31735064607611,1925,1925,Government,閩侯（閩縣・侯官・林森）,福建省閩侯縣,,2,sale,1,1,40.0,tael,兩,price_sale,紋廣,肆拾兩,鄒道明處永遠為業三面言議即日得訖賣與 王之重價銀【肆拾兩】正紋廣其銀即日收足其屋,1,ok,40.0
83813,pitt:31735064607629,1898,1898,Personal,,,,1,sale,3,2,32.0,tael,兩,price_sale,紋銀,叁拾貳兩,布村 劉仕懋名下邊為業當日三面議土風時值契價紋銀【叁拾貳兩】正足成契之日一頓現交未欠,2,ok,32.0
83814,pitt:31735064607637,1945,1945,Government,永泰（永福）,福建省永泰縣,,3,taxdoc,0,0,,,,,,,,,,
83816,pitt:31735064607645,1891,1891,Personal,,,,10,pawn,12,3,100.0,tael,兩,price_sale,,壹百兩,半田底 一田湖尾土名豬蹄坵根面全壹畝叁分 典契價【壹百兩】又借貳拾兩 糧色立在三十,1,ok,20.0|60.0|100.0
83817,pitt:31735064607652,1798,1798,Government,建陽,福建省建陽縣,,1,supplement,2,2,8.0,tael,兩,price_sale,紋銀,捌兩,本族 道成安 名下增找 得杜斷朽房屋基價白系紋銀【捌兩】正成增契之日 壹併交足不,2,ok,8.0
83818,pitt:31735064607660,1805,1805,Government,建陽,福建省建陽縣,,1,,0,0,,,,,,,,,,
83819,pitt:31735064607678,1782,1782,Government,建陽,福建省建陽縣,,1,,1,1,17.0,tael,兩,price_sale,紋銀,壹拾柒兩,新契字人應梓龍為照 本日寔收得增我杜新契內價紋銀【壹拾柒兩】正再照。 外用中見札銀伍,1,ok,17.0
83820,pitt:31735064607686,1910,1910,Government,,,,1,pawn,1,1,10.0,dollar,元,price_sale,番銀,拾員,今因要用 托中引到 叔祖朝朋慶諸面議典得出價番銀【拾員】正每 員陸錢叁分重其銀即,1,ok,10.0
83821,pitt:31735064607694,1913,1913,Government,閩侯（閩縣・侯官・林森）,福建省閩侯縣,,1,sale,2,0,,,,,,,,,,
83822,pitt:31735064607702,1906,1906,Government,閩侯（閩縣・侯官・林森）,福建省閩侯縣,,1,supplement,2,1,30.0,tael,兩,price_sale,,叁拾兩,抄此 族弟可瓊永遠向業一面議定賣斷田價銀壹百 【叁拾兩】每兩一捌百文即日收足其田,1,ok,30.0
83823,pitt:31735064607710,1932,1932,Personal,,,,1,,0,0,,,,,,,,,,
83824,pitt:31735064607728,1862,1862,Personal,,,,1,pawn,2,1,283.5,tael,兩,price_sale,,貳百捌拾叁兩伍錢,田根 典與 林 處為業三面言议本日以訖田根價銀 【貳百捌拾叁兩伍錢】正其銀即日收足其田 根听,1,ok,283.5
83825,pitt:31735064607736,1913,1913,Government,閩侯（閩縣・侯官・林森）,福建省閩侯縣,,1,,6,1,130.0,tael,兩,price_sale,,壹百叁拾兩,至 坐向 橫 丈 尺直 丈 尺中 證劉興國原價銀【壹百叁拾兩】中銀壹百八肆元原未稅遵章,1,ok,130.0
83826,pitt:31735064607744,1913,1913,Government,閩侯（閩縣・侯官・林森）,福建省閩侯縣,,1,sale,4,0,,,,,,,,,,
83827,pitt:31735064607751,1884,1884,Government,閩侯（閩縣・侯官・林森）,福建省侯官縣,,1,pawn,1,1,44.0,tael,兩,price_sale,庫錫|大錠,肆拾肆兩,撥 典與 堂兄萬開處為業三面言議本日得訖田面價銀【肆拾肆兩】正 大錠庫錫其銀即日收足,1,ok,44.0
83828,pitt:31735064607769,1884,1884,Government,閩侯（閩縣・侯官・林森）,福建省侯官縣,,1,pawn,1,0,,,,,,,,,,
83829,pitt:31735064607777,1924,1924,Personal,,,,1,,0,0,,,,,,,,,,
83830,pitt:31735064607785,1875,1875,Government,閩侯（閩縣・侯官・林森）,福建省閩侯縣,,1,,0,0,,,,,,,,,,
83832,pitt:31735064607793,1893,1893,Government,閩侯（閩縣・侯官・林森）,福建省閩侯縣,Y,1,pawn,1,1,850.0,cash,文,price_sale,,捌百五十文,田日租壹 派過甲入戶完納 不拘年限所憑照契 本錢【捌百五十文】其 照舊業但此 自已份下,1,ok,850.0
83833,pitt:31735064607801,1881,1881,Government,閩侯（閩縣・侯官・林森）,福建省閩侯縣,,1,sale,1,1,110000.0,cash,文,price_sale,,壹百壹拾千文,賣斷與 族叔萬開承遠為業三面言議賣斷田根 價錢【壹百壹拾千文】即日收足其田根聽 叔永遠,1,ok,110000.0
83834,pitt:31735064607819,1894,1894,Government,閩侯（閩縣・侯官・林森）,福建省閩侯縣,,1,,1,0,,,,,,,,,,
83835,pitt:31735064607827,1894,1894,Government,閩侯（閩縣・侯官・林森）,福建省閩侯縣,,1,supplement,1,1,2000.0,cash,文,price_sale,,貳千文,與本鄉 林處永遠為業三面言據本日湊斷 出田面價錢【貳千文】公其錢即日收 足其田面所,1,ok,2000.0
83836,pitt:31735064607835,1866,1871,Government,閩侯（閩縣・侯官・林森）,福建省侯官縣,Y,2,,2,1,29.75,tael,兩,price_sale,紋廣,貳拾玖兩柒錢伍分,半號民田面繳曲與 林處為業三面言議本日得訖田價銀【貳拾玖兩柒錢伍分】正紋廣其銀即日收足其田面,1,ok,29.75
83837,pitt:31735064607843,1805,1805,Government,閩侯（閩縣・侯官・林森）,福建省侯官縣,,1,pawn,2,1,14.0,tael,兩,price_sale,,壹拾肆兩,今因別用林 中結典典 處為業三向言議者日得記價銀【壹拾肆兩】止其銀即日收足其田即聽銀,1,ok,14.0
83838,pitt:31735064607850,1817,1817,Government,閩侯（閩縣・侯官・林森）,福建省侯官縣,,1,taxdoc,0,0,,,,,,,,,,
83839,pitt:31735064607868,1850,1850,Personal,閩侯（閩縣・侯官・林森）,福建省侯官縣,,1,sale,1,1,200.0,tael,兩,price_sale,九七|平戥,貳百兩,此田統賣與 林 虜為業三面言議本日賣出田根價銀 【貳百兩】正平戥九七色其銀即日收足,1,ok,200.0
83840,pitt:31735064607876,1888,1888,Government,閩侯（閩縣・侯官・林森）,福建省侯官縣,,1,,0,0,,,,,,,,,,
83841,pitt:31735064607884,1913,1913,Government,閩侯（閩縣・侯官・林森）,福建省侯官縣,,1,,5,1,14.0,tael,兩,price_sale,,拾肆兩,至 坐向 橫 丈 尺直 丈 尺中 證楊海武原價銀【拾肆兩】中銀貳拾元原契已稅遵章依,1,ok,14.0
83842,pitt:31735066237334,1784,1830,Government,古田,福建省古田縣,,2,sale,2,1,19.0,tael,兩,price_sale,,壹拾玖兩,堂侄亨讀處入首承買為業 即日同中三面言議時值價銀【壹拾玖兩】 廣正每兩的錢捌百文正即,1,ok,19.0
83843,pitt:31735066237342,1870,1907,Government,屏南 / 古田,福建省屏南縣和古田縣,,2,pawn,1,1,15.0,tael,兩,price_sale,,拾伍兩,四至明白歷言無異托中 送典邦昔承受為業出價銀貳 【拾伍兩】正契立銀收足訖無掛分厘,1,ok,15.0
83844,pitt:31735066237359,1864,1872,Government,古田,福建省古田縣,,2,,4,2,50.0,tael,兩,price_sale,,伍拾兩,指做項仍將該田托中 向在夫妻不大鈞靈會貽畫出價銀【伍拾兩】正 其銀各兩共銀拾兩 文,1,ok,10.0|50.0
83845,pitt:31735066237367,1767,1767,Government,南平,福建省南平縣,,1,sale,0,0,,,,,,,,,,
83847,pitt:31735066237375,1779,1779,Government,閩清,福建省閩清縣,,1,,1,1,2.5,tael,兩,price_sale,,貳兩五錢,土名俱載在原契內明白今因乏用托友向 謝處嗟出價銀【貳兩五錢】正其田所謝任田管業 面約,1,ok,2.5
83848,pitt:31735066237383,1872,1872,Government,古田,福建省古田縣,,1,pawn,3,2,47.5,tael,兩,price_sale,,肆拾柒兩伍錢,本墩鄭處正璟邊入頭承買收租為業三面言議時值契價銀【肆拾柒兩伍錢】數廣正其銀立契之日是煌兄,2,ok,47.5
83849,pitt:31735066237391,1869,1869,Government,屏南,福建省屏南縣,,2,,1,1,41600.0,cash,文,price_sale,,肆拾壹千陸百文,向在根主作標送入頭承根為業今中言議 時值根價伐【肆拾壹千陸百文】正其伐親收 足訖無少隻文,1,ok,41600.0
83850,pitt:31735066237409,,,Government,,安徽省歙縣,,1,taxdoc,0,0,,,,,,,,,,
83851,pitt:31735066237417,1849,1849,Government,古田,福建省古田縣,,1,,0,0,,,,,,,,,,
83852,pitt:31735066237425,1920,1920,Government,閩侯（閩縣・侯官・林森）,福建省閩侯縣,,1,sale,1,1,32.0,dollar,元,price_sale,台伏,叁拾貳元,夫伯欽祥震永遠為業三面言議今日賣新示價錢 台伏【叁拾貳元】正其錢即日收足其田听買主,1,ok,32.0
83853,pitt:31735066237433,1928,1928,Government,古田,福建省古田縣,,2,taxdoc,4,0,,,,,,,,,,
83854,pitt:31735066237441,1915,1915,Government,古田,福建省古田縣,,1,,2,1,42.0,tael,兩,price_sale,,肆拾貳兩,坐 向 橫 業已 尺邀同中證 于受 議定價銀 【肆拾貳兩】 依限投稅應納稅銀 貳元,1,ok,42.0
83855,pitt:31735066237458,1930,1930,Government,古田,福建省古田縣,,2,taxdoc,2,0,,,,,,,,,,
83856,pitt:31735066237466,,,Government,古田,福建省古田縣,,2,pawn,4,2,40.0,dollar,元,price_pawn,,肆拾員,本保 祖 謀丁處為業三面言議特得典價 划足重銀番【肆拾員】正其銀良全中親收足訖無,2,ok,40.0
83857,pitt:31735066237474,1925,1925,Government,古田,福建省古田縣,,1,pawn,5,1,50.0,dollar,元,price_sale,,伍拾元,年正月 買主姓名 張炳源 不動產種類 祀田 價 【伍拾元】 應納稅額 叁元 原契幾,1,ok,50.0
83858,pitt:31735066237482,1913,1913,Government,屏南,福建省屏南縣,,1,,4,0,,,,,,,,,,
83859,pitt:31735066237490,1906,1906,Personal,,,,1,sale,0,0,,,,,,,,,,
83860,pitt:31735066237508,1921,1921,Government,古田,福建省古田縣,,1,taxdoc,0,0,,,,,,,,,,
83861,pitt:31735066237516,1933,1933,Government,古田,福建省古田縣,,1,taxdoc,0,0,,,,,,,,,,
83863,pitt:31735066237524,1933,1933,Government,古田,福建省古田縣,,1,taxdoc,0,0,,,,,,,,,,
83864,pitt:31735066237532,1904,1943,Government,閩侯（閩縣・侯官・林森）,福建省閩縣,,2,sale,1,1,60.0,dollar,元,price_sale,大洋,陸拾員,斷與 黃財業安永遠為業三面言議本日得訖田價 大洋【陸拾員】正其銀隨契交足其田所黃另,1,ok,60.0
83865,pitt:31735066237540,1942,1943,Government,閩清,福建省閩清縣,,2,sale,2,1,250.0,dollar,元,price_sale,國幣,貳佰伍拾元,興處永遠為業三面三像 去日清訖賣謝田 根價彈國幣【貳佰伍拾元】正其款即日交足其田 張永,1,ok,250.0
83866,pitt:31735066237557,1903,1943,Government,永泰（永福）,福建省永泰縣,,2,sale,2,1,15.0,tael,兩,price_sale,紋廣,壹拾五兩,托中送賣前金寬奕處為業三 面言議時值價銀正紋廣銀【壹拾五兩】正其紋良即日收 訖其底面,1,ok,15.0
83867,pitt:31735066237565,1867,1867,Government,建陽,福建省建陽縣,,1,,0,0,,,,,,,,,,
83868,pitt:31735066237573,1869,1928,Government,閩侯（閩縣・侯官・林森）,福建省閩侯縣,,3,sale,6,1,10.0,tael,兩,price_sale,足色,拾兩,托中賣斷與 王慶為業三而言議賣斷得屋價足色庫磁銀【拾兩】正 其銀即日全中隨券立其,1,ok,10.0
83869,pitt:31735066237581,1917,1926,Government,永泰（永福）,福建省永泰縣,,25,taxdoc,0,0,,,,,,,,,,
83870,pitt:31735066237599,1923,1930,Government,永泰（永福）,福建省永泰縣,,8,taxdoc,0,0,,,,,,,,,,
83871,pitt:31735066237607,1926,1927,Government,永泰（永福）,福建省永泰縣,,6,taxdoc,0,0,,,,,,,,,,
83872,pitt:31735066237615,1920,1926,Government,永泰（永福）,福建省永泰縣,,4,taxdoc,0,0,,,,,,,,,,
83873,pitt:31735066237623,1920,1926,Government,永泰（永福）,福建省永泰縣,,5,taxdoc,0,0,,,,,,,,,,
83874,pitt:31735066237631,1920,1925,Government,永泰（永福）,福建省永泰縣,,7,taxdoc,0,0,,,,,,,,,,
83875,pitt:31735066237649,1920,1932,Government,閩侯（閩縣・侯官・林森）,福建省閩縣,,4,,7,0,,,,,,,,,,
83876,pitt:31735066237656,1890,1892,Government,閩侯（閩縣・侯官・林森）,福建省閩縣,,8,taxdoc,3,0,,,,,,,,,,
83878,pitt:31735066237664,1924,1926,Government,永泰（永福）,福建省永泰縣,,2,taxdoc,0,0,,,,,,,,,,
83879,pitt:31735066237672,1895,1900,Government,永安 / 永泰（永福）,福建省永安县和永福县,,2,,0,0,,,,,,,,,,
83880,pitt:31735066237680,1922,1922,Government,永泰（永福）,福建省永泰縣,,1,,0,0,,,,,,,,,,
83881,pitt:31735066237698,1887,1887,Personal,,,,2,,0,0,,,,,,,,,,
83882,pitt:31735066237706,1936,1936,Personal,,福建省,,1,supplement,2,2,60.0,dollar,元,price_sale,大洋|國幣,陸拾員,從弟欽瑞處為三面商議將值實價畫根找價賣出國幣大洋【陸拾員】正其銀即日全中企申當面交,2,ok,60.0
83883,pitt:31735066237714,1943,1943,Government,,,,1,,0,0,,,,,,,,,,
83884,pitt:31735066237722,1829,1829,Personal,,,,1,,0,0,,,,,,,,,,
83885,pitt:31735066237730,1910,1910,Government,建陽,福建省建陽縣,,1,sale,2,2,8.25,tael,兩,price_sale,洋銀,捌兩貳錢伍分,源森名下承買為業當日三面言議時值土風斷契價 洋銀【捌兩貳錢伍分】正足成契之日一頓交足未久,2,ok,8.25
83886,pitt:31735066237748,1928,1928,Personal,,,,1,sale,1,1,2150.0,dollar,元,price_sale,,貳仟壹百伍拾元,中白到堂 兄國寶處三面言議今日將此田賣斷出價 銀【貳仟壹百伍拾元】正其銀即日隨契交足其 田,1,ok,2150.0
83887,pitt:31735066237755,1935,1935,Government,閩侯（閩縣・侯官・林森）,福建省閩侯縣,,1,taxdoc,2,1,920.0,dollar,元,price_sale,,九佰貳拾元,畝等 分則 畝分 釐 賦額 地丁 糧米 產價 【九佰貳拾元】 出典主姓名 張國光 中,1,ok,920.0
83888,pitt:31735066237763,1937,1937,Government,晉江,福建省晉江縣,,1,pawn,3,1,18.0,dollar,元,price_sale,法幣,壹拾捌元,契原因 年湮代遠 四鄰證人姓名 屋貳 產價 法幣【壹拾捌元】正 應納稅銀 法幣叁角陸,1,ok,18.0
83889,pitt:31735066237771,1947,1947,Government,閩侯（閩縣・侯官・林森）,福建省林森縣,,1,taxdoc,0,0,,,,,,,,,,
83890,pitt:31735066266143,1947,1947,Government,閩侯（閩縣・侯官・林森）,福建省林森縣,,1,taxdoc,0,0,,,,,,,,,,
83891,pitt:31735066266150,1947,1947,Government,閩侯（閩縣・侯官・林森）,福建省林森縣,,1,taxdoc,0,0,,,,,,,,,,
83893,pitt:31735066266168,1947,1947,Government,閩侯（閩縣・侯官・林森）,福建省林森縣,,1,taxdoc,0,0,,,,,,,,,,
83894,pitt:31735066266176,1947,1947,Government,閩侯（閩縣・侯官・林森）,福建省林森縣,,1,taxdoc,0,0,,,,,,,,,,
83895,pitt:31735066266184,1947,1947,Government,閩侯（閩縣・侯官・林森）,福建省林森縣,,1,taxdoc,0,0,,,,,,,,,,
83896,pitt:31735066266192,1947,1947,Government,閩侯（閩縣・侯官・林森）,福建省林森縣,,1,taxdoc,0,0,,,,,,,,,,
83897,pitt:31735066266200,1947,1947,Government,閩侯（閩縣・侯官・林森）,福建省林森縣,,1,taxdoc,0,0,,,,,,,,,,
83898,pitt:31735066266218,1947,1947,Government,閩侯（閩縣・侯官・林森）,福建省林森縣,,1,taxdoc,0,0,,,,,,,,,,
83899,pitt:31735066266226,1947,1947,Government,閩侯（閩縣・侯官・林森）,福建省林森縣,,1,taxdoc,0,0,,,,,,,,,,
83900,pitt:31735066266234,1947,1947,Government,閩侯（閩縣・侯官・林森）,福建省林森縣,,1,taxdoc,0,0,,,,,,,,,,
83901,pitt:31735066266242,1947,1947,Government,閩侯（閩縣・侯官・林森）,福建省林森縣,,1,taxdoc,0,0,,,,,,,,,,
83902,pitt:31735066266259,1840,1840,Personal,,,,1,division,2,0,,,,,,,,,,
83903,pitt:31735066266267,1866,1866,Government,閩侯（閩縣・侯官・林森）,福建省侯官縣,,1,sale,1,1,18.0,tael,兩,price_sale,足色,壹拾捌兩,與 林 處永遠為業三面言議本日賣斷出田面價 鏡銀【壹拾捌兩】正庫陶足色其銀即日收足其,1,ok,18.0
83904,pitt:31735066266275,1886,1886,Government,閩侯（閩縣・侯官・林森）,福建省侯官縣,,1,taxdoc,0,0,,,,,,,,,,
83905,pitt:31735066266283,1915,1915,Government,閩侯（閩縣・侯官・林森）,福建省閩侯縣,,1,,0,0,,,,,,,,,,
83906,pitt:31735066266291,1890,1890,Personal,,,,1,sale,2,2,2.25,tael,兩,price_sale,洋銀,貳兩貳錢伍分,斷與程長孫名下當日三面言議賣 得土風時值契價洋銀【貳兩貳錢伍分】正成契之日一色現交不敢少,2,ok,2.25
83907,pitt:31735066266309,1890,1890,Personal,,,,1,sale,2,2,4.0,tael,兩,price_sale,洋銀,肆兩,斷與程長孫名下為業當日三面言議 土風時值契價洋銀【肆兩】正足成契之日一頭交足未欠,2,ok,4.0
83909,pitt:31735066266317,1870,1870,Personal,,,,1,sale,2,2,12.0,tael,兩,price_sale,洋銀,拾貳兩,翁金寶名下為業當日三面言議賣得土風時直新契價洋銀【拾貳兩】正足成契之日一頓交足未欠,2,ok,12.0
83910,pitt:31735066266325,1927,1927,Government,,福建省,,1,,0,0,,,,,,,,,,
83911,pitt:31735066266333,1947,1947,Government,閩侯（閩縣・侯官・林森）,福建省林森縣,,1,taxdoc,0,0,,,,,,,,,,
83912,pitt:31735066266341,1928,1928,Government,,福建省,,1,taxdoc,2,0,,,,,,,,,,
83913,pitt:31735066266358,1932,1932,Government,閩侯（閩縣・侯官・林森）,福建省閩侯縣,,1,,0,0,,,,,,,,,,
83914,pitt:31735066266366,1842,1842,Personal,,,,1,,1,1,350.0,cash,文,price_sale,,叁百伍拾文,池主寄在田中田主不得言說 外再買池土半埭公估價銀【叁百伍拾文】池主不得半途翻異其池土枯,1,ok,350.0
83915,pitt:31735066266374,1844,1845,Personal,閩侯（閩縣・侯官・林森）,福建省侯官縣,,2,supplement,4,4,100.0,tael,兩,price_sale,紋廣,壹百兩,葉慶為業三面言議本日湊斷得店屋價銀叁拾兩正共成【壹百兩】正其銀正紋廣九 七色其銀,1,ok,5.0|30.0|65.0|100.0
83916,pitt:31735066266382,1888,1913,Government,古田,福建省古田縣,,2,pawn,9,3,36.0,tael,兩,price_sale,紋廣,叁拾陸兩,兄元賜 兄弟邊入頭受典營業 全中三面言議時得價銀【叁拾陸兩】紋廣 正其銀立契即日是,2,ok,36.0
83917,pitt:31735066266390,1915,1915,Government,連江,福建省連江縣,,1,pawn,2,1,10.0,dollar,元,price_sale,,拾元,向橫 丈 尺直 丈 尺邀 同中證陳端率議定價銀 【拾元】 依限投稅應納稅銀 拾元,1,ok,10.0
83918,pitt:31735066266408,1840,1840,Personal,閩清,福建省閩清縣,,1,,0,0,,,,,,,,,,
83919,pitt:31735066266416,1888,1888,Government,閩侯（閩縣・侯官・林森）,福建省閩縣,,1,,0,0,,,,,,,,,,
83920,pitt:31735066266424,1873,1873,Government,閩侯（閩縣・侯官・林森）,福建省閩縣,,1,taxdoc,0,0,,,,,,,,,,
83921,pitt:31735066266432,1946,1946,Government,閩侯（閩縣・侯官・林森）,福建省林森縣,,1,,0,0,,,,,,,,,,
83922,pitt:31735066266440,1827,1850,Government,連城,福建省連城縣,,1,,0,0,,,,,,,,,,
83924,pitt:31735066266457,1841,1841,Personal,,,,1,,0,0,,,,,,,,,,
83925,pitt:31735066266465,,,Government,閩侯（閩縣・侯官・林森）,福建省閩縣,,1,pawn,4,4,32000.0,cash,文,price_sale,,叁拾貳千文,吳秉鑑全母王氏胞弟秉鈞於嘉慶二年間承父在日用價錢【叁拾貳千文】典得 鄭家厝屋壹櫚五柱坐,2,ok,2000.0|30000.0|32000.0
83926,pitt:31735066266473,1868,1916,Government,閩侯（閩縣・侯官・林森）,福建省閩侯縣,,3,pawn,4,2,56.0,tael,兩,price_sale,紋廣,伍拾陸兩,下墩根面全之田典與 程利啟處為業三面言議典出價銀【伍拾陸兩】正紋廣其銀即日收足其上下,1,ok,56.0
83927,pitt:31735066266481,1945,1945,Government,閩侯（閩縣・侯官・林森）,福建省林森縣,,1,,0,0,,,,,,,,,,
83928,pitt:31735066266499,1946,1946,Government,閩侯（閩縣・侯官・林森）,福建省林森縣,,1,,0,0,,,,,,,,,,
83929,pitt:31735066266507,1946,1946,Government,閩侯（閩縣・侯官・林森）,福建省林森縣,,1,,0,0,,,,,,,,,,
83930,pitt:31735066266515,1839,1839,Government,古田,福建省古田縣,,1,pawn,3,2,65.0,tael,兩,price_sale,紋廣,陸拾伍兩,統付為憑 外有中用錢捌百文正 今領上項交閱田價銀【陸拾伍兩】紋廣整 道光拾玖年十壹月,1,ok,15.0|65.0
83931,pitt:31735066266523,1802,1802,Personal,閩清,福建省閩清縣,,1,pawn,1,1,22.0,tael,兩,price_sale,紋廣,貳拾貳兩,分明今因造壅嗣祖妣吉用托中 向在 傳 處畫出價銀【貳拾貳兩】正紋廣其銀隨契交訖其田聽,1,ok,22.0
83932,pitt:31735066266531,1913,1913,Government,閩清,福建省閩清縣,,1,,5,1,17500.0,tael,兩,price_sale,,壹柒千伍百兩,至 坐向 橫 大 尺直 大 尺中 證范尔声原價銀【壹柒千伍百兩】申銀 壹拾柒 元原契未稅,1,low,17500.0
83933,pitt:31735066266549,1927,1928,Government,閩清,福建省閩清縣,,2,pawn,6,2,198.0,dollar,元,price_sale,,壹百玖拾捌元,契 承典人 姓名 文鳳 不動產種類 民田 價 【壹百玖拾捌元】 應納稅額 捌元柒角伍占,1,ok,118.0|198.0
83934,pitt:31735066266556,1840,1937,Government,閩清,福建省閩清縣,,2,pawn,6,2,11500.0,cash,文,price_sale,,壹拾壹仟伍百文,杉什木筭竹桐茶賣中 林高滿處為業三面言議賣出價伐【壹拾壹仟伍百文】 正其伐即日交足其兩号山,1,ok,11500.0
83935,pitt:31735066266564,1934,1940,Government,閩侯（閩縣・侯官・林森）,福建省閩侯縣,,2,pawn,5,0,,,,,,,,,,
83936,pitt:31735066266572,1829,1829,Personal,,,,1,,0,0,,,,,,,,,,
83937,pitt:31735066266580,1829,1829,Personal,,,,1,,0,0,,,,,,,,,,
83938,pitt:31735066266598,1945,1945,Personal,,福建省上竹林,,1,,0,0,,,,,,,,,,
83940,pitt:31735066266606,,,Personal,,福建省清源縣,,1,,1,1,11500.0,cash,文,price_sale,,拾壹仟伍百文,合送与 侄咸宜為建築廚房三面言說即日得記價後壹 【拾壹仟伍百文】正其錢隨手交足其他中 付,1,ok,11500.0
83941,pitt:31735066266614,,,Personal,,福建省清源縣,,1,,1,1,20000.0,cash,文,price_sale,,貳拾千文,壹斗伍合正今送與 弟咸宜處建築廚房三面議定田價錢【貳拾千文】正 其錢隨手交足其地即付,1,ok,20000.0
83942,pitt:31735066266622,1936,1936,Personal,閩侯（閩縣・侯官・林森）,福建省閩侯縣,,1,supplement,2,2,60.0,dollar,元,price_sale,大洋,陸拾圓,從弟欽瑞處為三面高議時值實價盡根找價共賣出大洋番【陸拾圓】正其銀即日全中當面交足此,2,ok,60.0
83943,pitt:31735066266630,1941,1941,Personal,,福建省,,1,supplement,0,0,,,,,,,,,,
83944,pitt:31735066266648,1879,1879,Personal,,,,1,sale,2,2,11.0,tael,兩,price_sale,,拾壹兩,今教 有憑立畫根契壹紙存燒 本日實收交閱契內銀念【拾壹兩】廣戰正足訖 中見人莊世空,1,ok,10.0|11.0
83945,pitt:31735066266655,1932,1932,Personal,福清,福建省福清縣,,1,supplement,3,2,170.0,dollar,元,price_sale,洋銀,佰柒拾員,業三面商議時值定便畫根並找價新賣出洋銀大 龍番厘【佰柒拾員】正計每元柒錢貳分伍厘重其,2,ok,170.0
83946,pitt:31735066266663,1936,1936,Personal,,福建省,,1,supplement,2,2,115.0,dollar,元,price_sale,大洋|國幣,壹佰壹拾伍員,欽瑞處為三面商議時值實價盡根並找價共賣出國幣大洋【壹佰壹拾伍員】正其銀即日全中當面交足本,2,ok,115.0
83947,pitt:31735066266671,1936,1936,Personal,,福建省,,1,supplement,2,2,115.0,dollar,元,price_sale,大洋,壹佰壹拾伍員,欽瑞處為三面商議時值實價盡根並 找價共賣出大洋番【壹佰壹拾伍員】正其銀 即日全中當面交足,2,ok,115.0
83948,pitt:31735066266689,1926,1926,Government,,福建省,,1,,1,1,198.0,dollar,元,price_sale,,壹百玖拾捌員,中寄與 兄文鳳處為業三面言議即日得訖田 根價先番【壹百玖拾捌員】正其銀隨 契交足其田听兄,1,ok,198.0
83949,pitt:31735066266697,1927,1927,Personal,,,,1,,0,0,,,,,,,,,,
83950,pitt:31735066266705,1805,1808,Personal,,,,3,,1,0,,,,,,,,,,
83951,pitt:31735066266713,1928,1928,Government,永泰（永福）,福建省永泰縣,,1,,0,0,,,,,,,,,,
83952,pitt:31735066266721,1931,1931,Government,永泰（永福）,福建省永泰縣,,1,taxdoc,0,0,,,,,,,,,,
83953,pitt:31735066266739,1900,1900,Government,永安,福建省永安縣,,1,taxdoc,0,0,,,,,,,,,,
83955,pitt:31735066266747,1926,1926,Government,永泰（永福）,福建省永泰縣,,1,taxdoc,0,0,,,,,,,,,,
83956,pitt:31735066266754,1952,1952,Government,晉江,福建省晉江縣,,1,,0,0,,,,,,,,,,
83957,pitt:31735066266762,1935,1935,Government,建陽,福建省建陽縣,,1,taxdoc,0,0,,,,,,,,,,
83958,pitt:31735066267414,1953,1953,Government,,四川省合川縣,,1,,0,0,,,,,,,,,,
83959,pitt:31735066267422,1952,1952,Government,晉江,福建省晉江縣,,1,,0,0,,,,,,,,,,
83960,pitt:31735066267430,1953,1953,Government,晉江,福建省晉江縣,,3,,0,0,,,,,,,,,,
83961,pitt:31735066267448,,,Personal,,,,1,,2,2,3.0,tael,兩,price_supplement,洋銀,叁兩,錢應用自己復托原中勸諭向買主劉子祥名下增我字洋銀【叁兩】正戒字之日 壹併交足未久,2,ok,3.0
83962,pitt:31735066267455,1951,1951,Government,南安,福建省南安縣,,1,,0,0,,,,,,,,,,
83963,pitt:31735066267463,1952,1952,Government,南安,福建省南安縣,,1,,0,0,,,,,,,,,,
83964,pitt:31735066267471,1813,1813,Government,建陽,福建省建陽縣,,1,taxdoc,0,0,,,,,,,,,,
83965,pitt:31735066267489,1928,1935,Government,閩侯（閩縣・侯官・林森）,福建省閩侯縣,,2,sale,3,2,220.0,dollar,元,price_sale,大洋,貳佰貳拾員,國寶處經三面言議本日將此兩號之 田賣斷出價銀大洋【貳佰貳拾員】正其 銀即日隨契交足其田,2,ok,220.0
83966,pitt:31735066267497,1953,1953,Government,東山,福建省東山縣,,3,pawn,0,0,,,,,,,,,,
83967,pitt:31735066267505,1954,1954,Government,東山,福建省東山縣,,4,pawn,4,2,800000.0,dollar,元,price_pawn,人民幣,捌拾萬元,議典與本家 陳蕃舊同志就頭永典兩面言議典價人民幣【捌拾萬元】整該費即日親收足訖其等隨,2,ok,800000.0
83968,pitt:31735066267513,1921,1921,Government,,,,1,sale,0,0,,,,,,,,,,
83969,pitt:31735066267521,1934,1934,Government,閩侯（閩縣・侯官・林森）,福建省閩侯縣,,2,sale,4,2,200.0,dollar,元,price_sale,大洋,貳百員,林學通處永遠為業三面言議本日賣買斷出田價銀 大洋【貳百員】正其銀即日全中隨契璋親手,2,ok,200.0
83971,pitt:31735066267539,1953,1953,Government,晉江,福建省晉江縣,,4,,1,1,25.0,dollar,元,price_sale,,貳拾伍元,路 北仔路 立 契 日 期 五十八 屋 貳 價 【貳拾伍元】 監 證 人 簽 名 蓋,1,ok,25.0
83972,pitt:31735066267547,1947,1952,Government,東山,福建省東山縣,,3,pawn,5,5,1000000.0,dollar,元,price_sale,國幣,壹佰萬元,外 托中招得族叔黃煌就頭承典三面言議甘出時價國幣【壹佰萬元】正其幣即日 全中親收足訖,3,ok,17170.0|249000.0|1000000.0
83973,pitt:31735066267554,1943,1952,Government,東山,福建省東山縣,,3,pawn,4,4,500.0,dollar,元,price_sale,國幣,伍佰員,，招得本縣沈秀清，就頭承典，三面言議，甘出國幣銀【伍佰員】正，其銀即日全中親收足訖,2,ok,500.0|12000.0|62002.0
83974,pitt:31735066267562,1953,1953,Government,晉江,福建省晉江縣,,3,,1,1,27.0,dollar,元,price_sale,,貳拾柒元,人 簽 名 蓋 章 石之軍 施性德 屋 貳 價 【貳拾柒元】 監 證 人 簽 名 蓋,1,ok,27.0
83975,pitt:31735066267570,1935,1953,Government,晉江,福建省晉江縣,,2,taxdoc,1,1,69.0,dollar,元,price_sale,大洋|洋銀,陸拾九元,據遺失奉催驗契不敢隱匿特 此契按照時價估值大洋銀【陸拾九元】正遵章投驗如有偽冒不 實,1,ok,69.0
83976,pitt:31735066267588,1910,1915,Government,閩侯（閩縣・侯官・林森）,福建省閩侯縣,,2,sale,3,2,90000.0,cash,文,price_sale,,玖拾仟文,賣斷 李學子壹實為業三面言議本日賣斷出 田根價錢【玖拾仟文】正其錢即日收足其 其田永,1,ok,90000.0
83977,pitt:31735066267596,1925,1943,Government,永泰（永福）,福建省永泰縣,,3,sale,5,2,150.0,tael,兩,price_sale,,壹佰伍拾兩,全之田送賣與 金信江慶永遠為實業三面言議時值價銀【壹佰伍拾兩】 正每兩年折錢捌佰文扣其,1,ok,150.0
83978,pitt:31735066267604,1953,1953,Government,,雲南省鶴慶縣,,1,,0,0,,,,,,,,,,
83979,pitt:31735066267612,1952,1952,Government,邵武,福建邵武縣,,1,,0,0,,,,,,,,,,
83980,pitt:31735066267620,1889,1889,Personal,閩侯（閩縣・侯官・林森）,福建省閩邑,,1,sale,1,1,10.0,tael,兩,price_sale,足色|大錠,壹拾兩,與 高 處永遠為業三面言議本日賣斷得屋地價鏡銀 【壹拾兩】正庫磁大錠白足色足兌其銀,1,ok,10.0
83981,pitt:31735066267638,,,Government,閩侯（閩縣・侯官・林森）,福建省閩邑,,1,pawn,3,3,721.0,dollar,元,price_sale,台伏,柒百貳拾壹員,本日出牆屋價台伏柒百員正外加修理銀水貳拾壹員合共【柒百貳拾壹員】正其 伏即日親手全弟姪在,1,ok,21.0|700.0|721.0
83982,pitt:31735066267646,1909,1909,Government,建陽,福建省建陽縣,,1,,0,0,,,,,,,,,,
83983,pitt:31735066267653,1949,1949,Government,,華東,,1,,0,0,,,,,,,,,,
83984,pitt:31735066267661,1953,1953,Government,,四川省榮縣,,1,,0,0,,,,,,,,,,
83986,pitt:31735066267679,1949,1952,Government,東山,福建省東山縣,,3,,2,2,30.0,dollar,元,price_sale,,叁拾圓,外即托中格得奔東山余龜溪款頭承曲三面言議甘出大銀【叁拾圓】正其銀即日全中親收足訖此,2,ok,30.0
83987,pitt:31735066267687,,,Personal,,,,1,pawn,7,6,310.0,tael,兩,price_sale,,叁百壹拾兩,本日得訖屋價銀貳百兩正改廣外加修理銀壹拾兩共成銀【叁百壹拾兩】正改廣其銀即日當場收足其,1,ok,10.0|13.0|22.0|120.0|200.0|310.0
83988,pitt:31735066267695,1939,1939,Government,永泰（永福）,福建省永泰縣,,3,sale,4,1,60600.0,cash,文,price_sale,,陸拾仟陸佰文,今因乏用托中送賣吊 林施裕處為業三面言議時值價錢【陸拾仟陸佰文】正其 錢即日交訖其底面全,1,ok,60600.0
83989,pitt:31735066267703,1921,1921,Government,閩侯（閩縣・侯官・林森）,福建省閩侯縣,,2,sale,4,0,,,,,,,,,,
83990,pitt:31735066267711,1659,1659,Personal,,,,1,sale,0,0,,,,,,,,,,
83991,pitt:31735066267729,1678,1678,Government,,,,1,sale,1,1,18.0,tael,兩,price_sale,,拾捌兩,拘抵還自願私中將破屋竹山統賣與 楊元吉等賣銀價銀【拾捌兩】正其銀水九 五色頂九五平,1,ok,18.0
83992,pitt:31735066267737,1869,1869,Personal,,,,1,sale,2,2,8.0,tael,兩,price_sale,洋銀,捌兩,程金寶名下邊為業當日三面言議賣得土風時直契價洋銀【捌兩】正足 成契之日一頓交足不,2,ok,8.0
83993,pitt:31735066267745,1952,1952,Government,東山,福建省東山縣,,3,pawn,5,4,27000.0,dollar,元,price_sale,,零千零百零拾貳萬柒千零百零拾元,人 人 幣零億零千零百九拾零萬零千元 人 人 幣【零千零百零拾貳萬柒千零百零拾元】 人 人 幣零千零百零拾,3,ok,27000.0|900000.0
83994,pitt:31735066267752,1952,1952,Government,東山,福建省東山縣,,2,pawn,0,0,,,,,,,,,,
83995,pitt:31735066267760,1916,1916,Government,閩清,福建省閩清縣,,2,pawn,3,2,10000.0,cash,文,price_sale,,拾仟文,托中典與 兄長忠處為業三面言議即日得訖田價錢伍 【拾仟文】正其錢隨契交足其田听兄離,1,ok,10000.0
83996,pitt:31735066267778,1949,1949,Government,,遼寧省新金縣,,1,taxdoc,0,0,,,,,,,,,,
83997,pitt:31735066267786,1584,1584,Personal,連城,福建省連城縣,,1,,0,0,,,,,,,,,,
83998,pitt:31735066267794,1949,1952,Government,東山,福建省東山縣,,3,sale,2,2,752000.0,dollar,元,price_sale,,零千零百柒拾五萬貳千元,房共牆 平房壹間并半樓另配天井水井公用 人幣零億【零千零百柒拾五萬貳千元】 人幣零千零百零貳萬貳千,1,ok,22000.0|752000.0
83999,pitt:31735066267802,1854,1913,Government,閩侯（閩縣・侯官・林森）,福建省閩侯縣和侯官縣,,2,taxdoc,5,2,100.0,tael,兩,price_sale,,壹百兩,後照 止以省 業戶等 實林厚成等店屋坐落 用價銀【壹百兩】 納銀參兩 布 百玖號右,1,ok,3.0|100.0
84000,pitt:31735066267810,1892,1894,Government,,福建省,,15,taxdoc,0,0,,,,,,,,,,
84002,pitt:31735066267828,1886,1913,Government,閩侯（閩縣・侯官・林森）,福建省閩侯縣,,2,sale,7,3,65.0,tael,兩,price_sale,紋廣,陸拾伍兩,賣斷與 許大華處永遠為業三面言議本日得訖賣斷價銀【陸拾伍兩】正其紋廣銀即日收足其田根,2,ok,65.0
84003,pitt:31735066267836,1909,1909,Government,,,,1,sale,1,1,20.0,tael,兩,price_sale,,貳拾兩,中引到 胞弟尚 然 處諸面言議賣斷得出田價紋唐銀【貳拾兩】正其 銀即日親手收足其日,1,ok,20.0
84004,pitt:31735066267844,1782,1782,Personal,,,,1,pawn,1,1,10.0,tael,兩,price_sale,,拾兩,用將此根面全田繳典與 姪欽密 處三面言議典出價銀【拾兩】正收其 銀即日交足其田所,1,ok,10.0
84005,pitt:31735066267851,1903,1903,Personal,,,,1,pawn,2,1,45.0,tael,兩,price_sale,,肆拾伍兩,併荒田 統繳典與 程貞雨處為業三面言議繳典出價銀【肆拾伍兩】正攷廣其銀 即日收足其田,1,ok,45.0
84006,pitt:31735066267869,1929,1929,Government,閩侯（閩縣・侯官・林森）,福建省閩侯縣,,1,sale,2,1,30.0,dollar,元,price_sale,,叁拾元,月日 民國十八年十月 上手原契幾張 該產價銀 書【叁拾元】 該契稅銀 叁元玖角 廳,1,ok,30.0
84007,pitt:31735066267877,1951,1951,Government,閩侯（閩縣・侯官・林森）,福建省閩侯縣,,1,,0,0,,,,,,,,,,
84008,pitt:31735066267885,1858,1858,Government,,,,1,sale,1,1,130000.0,cash,文,price_sale,銅錢,壹百叁拾千文,參鄉賣與與堂兄 士慶處永遠為業三面議定南衙銅錢票【壹百叁拾千文】正其錢即 日收足其田永听,1,ok,130000.0
84009,pitt:31735066267893,1887,1887,Government,閩侯（閩縣・侯官・林森）,福建省閩縣,,1,pawn,2,2,200.0,tael,兩,price_sale,足色,貳百兩,中情息典與 陳必清為業三面言議今日典出牆屋價贖銀【貳百兩】正 庫底大礙白足色足兌其,1,ok,4.0|200.0
84010,pitt:31735066267901,1888,1888,Government,閩侯（閩縣・侯官・林森）,福建省閩縣,,1,pawn,1,1,98.0,tael,兩,price_sale,足色|大錠,玖拾捌兩,泉處永遠為業二面言議今日永遠賣斷出屋 牆厝價鏡銀【玖拾捌兩】正庫法大錠白足色足兌其,1,ok,98.0
84011,pitt:31735066267919,1913,1913,Government,閩侯（閩縣・侯官・林森）,福建省閩侯縣,,1,sale,6,2,302.0,tael,兩,price_sale,,叁百零貳兩,地方東至西至北至坐向橫大尺直大尺中證劉志潮原價銀【叁百零貳兩】申銀肆百肆拾肆元原契已稅,1,ok,302.0
84012,pitt:31735066267927,1949,1949,Government,閩侯（閩縣・侯官・林森）,福建省福州市,,1,,0,0,,,,,,,,,,
84013,pitt:31735066267935,1947,1947,Government,閩侯（閩縣・侯官・林森）,福建省林森縣,,1,pawn,1,0,,,,,,,,,,
84014,pitt:31735066267943,1924,1924,Government,古田,福建省古田縣,,1,pawn,5,1,20.0,tael,兩,price_sale,,貳拾兩,元正 買主姓名 子秀 不動產種類 民田 賣 價 【貳拾兩】正 應納稅額 叁元 原與,1,ok,20.0
84015,pitt:31735066267976,1837,1837,Personal,,,,11,,0,0,,,,,,,,,,
84017,pitt:31735066268024,1978,1978,Government,順昌,福建省順昌縣,,1,,0,0,,,,,,,,,,
84018,pitt:31735066268032,,,,閩侯（閩縣・侯官・林森）,福建省閩侯縣,,1,,0,0,,,,,,,,,,
84019,pitt:31735066268040,1869,1899,Government,古田,福建省古田縣,,3,sale,1,0,,,,,,,,,,
84020,pitt:31735068223258,1850,1923,Personal,閩侯（閩縣・侯官・林森）,福建省閩縣,,1,,0,0,,,,,,,,,,
84021,pitt:31735068223266,1864,1864,Government,閩侯（閩縣・侯官・林森）,福建省閩縣,,1,taxdoc,0,0,,,,,,,,,,
84022,pitt:31735068223290,1889,1890,Personal,閩侯（閩縣・侯官・林森）,福建省閩縣,,1,sale,0,0,,,,,,,,,,
84023,pitt:31735068223308,1889,1897,Personal,閩侯（閩縣・侯官・林森）,福建省閩縣,,1,sale,1,1,4.0,tael,兩,price_sale,,肆兩,與 鄧道明愛永遠為業三面言議即日得訖賣西厝屋 於【肆兩】正級黃其銀即日收足其厝屋,1,ok,4.0
84024,pitt:31735068223316,1900,1900,Personal,,,,1,sale,1,1,4.0,tael,兩,price_sale,庫平,肆兩,舍處永遠為業 有日三面言像賣與等 屋供庫平銀事於【肆兩】正即日隨契收足其厝所憑,1,ok,4.0
84025,pitt:31735068223324,1906,1955,Personal,閩侯（閩縣・侯官・林森）,福建省閩侯縣,,1,sale,0,0,,,,,,,,,,
84026,pitt:31735068223332,1906,1921,Personal,閩侯（閩縣・侯官・林森）,福建閩侯縣,,1,pawn,0,0,,,,,,,,,,
84027,pitt:31735068223357,1910,1915,Personal,閩侯（閩縣・侯官・林森）,福建閩侯縣,,1,pawn,1,1,148000.0,cash,文,price_sale,,壹百肆拾捌千文,氏 弟輝揚 方子啟處為業三面言議本日典出田根價錢【壹百肆拾捌千文】其錢即日全中見收清其田即,1,ok,148000.0
84028,pitt:31735068223365,1913,1928,Government,永泰（永福）,福建省永泰縣,,1,taxdoc,4,0,,,,,,,,,,
84029,pitt:31735068223373,1918,1932,Personal,閩侯（閩縣・侯官・林森）,福建省閩侯縣,,2,pawn,6,2,2.0,cash,文,price_sale,,貳文,不涉吳家之事兩相允息各無翻悔今欲有憑立湊賣斷契 【貳文】四尺零橫潤四丈柒尺零湊接,1,ok,2.0
84030,pitt:31735068223381,1923,1930,Personal,永泰（永福）,福建省永泰縣,,2,sale,5,2,64500.0,cash,文,price_sale,,陸拾肆仟零伍佰文,願託中將此佃田賣出 西房平處為業三面言議時值價銀【陸拾肆仟零伍佰文】正其價即日交足其佃田即付,2,ok,64500.0
84031,pitt:31735068223399,1924,1928,Government,閩侯（閩縣・侯官・林森）,福建聲閩侯縣,,2,pawn,4,0,,,,,,,,,,
84033,pitt:31735068223407,1927,1927,Government,永泰（永福）,福建省永泰縣,,1,pawn,3,1,28.0,dollar,元,price_sale,,貳拾捌元,政廳 給證事查得 鄉業戶陳兆和由陳兆清得 分產價【貳拾捌元】其契 馬耳地方 屋 號葉,1,ok,28.0
84034,pitt:31735068223415,1929,1929,Government,閩侯（閩縣・侯官・林森）,福建省閩侯縣,,1,taxdoc,2,1,10.0,dollar,元,price_sale,,拾元,〇 釐 等 則 賦 額 地丁 糧米 產 價 銀【拾元】正 出典主姓名 程道魯,1,ok,10.0
84035,pitt:31735068223423,1929,1935,Personal,閩侯（閩縣・侯官・林森）,福建省閩侯縣,,2,sale,9,3,15.0,dollar,元,price_sale,大洋,拾伍員,中向到 本族陳宿清 處三向言議賣斷本日 價錢大洋【拾伍員】正其錢即日交足 其田庚午,2,ok,5.0|15.0
84036,pitt:31735068223431,1929,1935,Government,閩侯（閩縣・侯官・林森）,福建省閩侯縣,,2,taxdoc,4,1,62.0,dollar,元,price_sale,,陸拾貳元,畝 分 釐 等 則 賦 額 地丁 糧米 產 價 【陸拾貳元】 出典主姓名 陳宿康 中,1,ok,62.0
84037,pitt:31735068223449,1932,1935,Personal,閩侯（閩縣・侯官・林森）,福建省閩侯縣,,2,sale,9,6,30.0,dollar,元,price_sale,,叁拾員,畝分 畝分 壹 等則 賦額 地丁 糧米 產價 【叁拾員】 業主姓名 陳聖榜 中證,5,ok,1.0|30.0
84038,pitt:31735068223456,1935,1935,Government,閩清,福建省閩清縣,,1,,0,0,,,,,,,,,,
84039,pitt:31735068223464,1948,1948,,,上海市,,3,,0,0,,,,,,,,,,
84040,pitt:31735068223472,1951,1951,Personal,閩侯（閩縣・侯官・林森）,福建省閩侯縣,,1,,0,0,,,,,,,,,,
2389496,pitt:us-ppiu-eal201101,,,,,,,0,,0,0,,,,,,,,,,
