nid,pid,page,seq,year_start,nature,county,category,scope,confidence,family,value,money_unit,currency,raw,context
83792,pitt:31735064607421,31735064607421_001.html,0,1946,Government,福清,price_sale,deed,ok,dollar,1800000.0,元,人民幣,壹佰捌拾萬元,產種類 姓名 承受人 人民幣壹拾萬捌仟九 人民幣【壹佰捌拾萬元】 坐西向東五柱二棚樓屋直
83792,pitt:31735064607421,31735064607421_001.html,1,1946,Government,福清,price_sale,deed,ok,dollar,10000.0,元,國幣,壹萬元,將上列店屋連同基地賣斷與 陳書寶處為業議定斷國幣【壹萬元】正其款即日收足其屋即聽陳
83793,pitt:31735064607439,31735064607439_001.html,0,1929,Government,古田,price_sale,regulation,ok,dollar,10904.0,元,,壹萬零九百零四元,令布告遵照在案茲據業戶林枝秀呈繳已稅田契壹張產價【壹萬零九百零四元】坐落四至原契已載明白遵章
83793,pitt:31735064607439,31735064607439_001.html,1,1929,Government,古田,fee,deed,ok,dollar,1.8,元,,壹元八角,零九百零四元坐落四至原契已載明白遵章呈驗應納紙價【壹元八角】分註冊費五角附加教育費貳
83794,pitt:31735064607447,31735064607447_001.html,0,1866,Personal,閩侯（閩縣・侯官・林森）,price_sale,deed,ok,tael,12.0,兩,足色,壹拾貳兩,王 處為業參面言議本日賣斷得地屋價足色鏡銀庫砵 【壹拾貳兩】正其銀即日隨券收清其地屋
83795,pitt:31735064607454,31735064607454_001.html,0,1862,Personal,,price_sale,deed,ok,cash,8500.0,文,銅錢,捌仟伍百文,說今欲有憑故立賣 斷契為照 當日實交得賣斷價銅錢【捌仟伍百文】正足訖 所有上手契卷一時
83797,pitt:31735064607470,31735064607470_001.html,0,1887,Personal,閩侯（閩縣・侯官・林森）,price_sale,deed,ok,tael,75.0,兩,足色|大錠,柒拾伍兩,堂兄 錦枝處永遠為業三面言議本日賣斷得店屋價錠銀【柒拾伍兩】正庫砵大錠白足色足兌其銀
83798,pitt:31735064607488,31735064607488_001.html,0,1890,Government,閩侯（閩縣・侯官・林森）,price_sale,deed,ok,tael,68.0,兩,,陸拾捌兩,白憑中統賣斷契 陳 處永遠為業三言議賣斷出屋價銀【陸拾捌兩】正庫大 銀四其銀即日經成
83799,pitt:31735064607496,31735064607496_001.html,0,1900,Government,閩侯（閩縣・侯官・林森）,price_sale,deed,ok,tael,44.0,兩,庫平,肆拾肆兩,軒老人會處永遠為業本日三面言議賣斷 得厝價庫平銀【肆拾肆兩】正即日隨契收足其 屋所憑
83801,pitt:31735064607504,31735064607504_001.html,0,1918,Government,閩侯（閩縣・侯官・林森）,price_sale,deed,ok,dollar,700.0,元,,柒百元,要 承典人姓名 吳 不動產種類 牆屋 典 價 【柒百元】 應納稅額 貳拾壹元 原
83801,pitt:31735064607504,31735064607504_001.html,1,1918,Government,閩侯（閩縣・侯官・林森）,tax,deed,ok,dollar,21.0,元,,貳拾壹元,吳 不動產種類 牆屋 典 價 柒百元 應納稅額 【貳拾壹元】 原契幾張 立契年月日
83801,pitt:31735064607504,31735064607504_001.html,2,1918,Government,閩侯（閩縣・侯官・林森）,fee,regulation,ok,dollar,5.0,元,,五元,一賣主或出典人以私紙訂立契約者得由徵稅官署處以【五元】以上五十元以下之罰金 一
83801,pitt:31735064607504,31735064607504_001.html,3,1918,Government,閩侯（閩縣・侯官・林森）,fee,regulation,ok,dollar,50.0,元,,五十元,或出典人以私紙訂立契約者得由徵稅官署處以五元以上【五十元】以下之罰金 一逾限未稅之
83802,pitt:31735064607512,31735064607512_001.html,0,1924,Government,閩侯（閩縣・侯官・林森）,price_sale,deed,ok,dollar,125.0,元,,壹佰貳拾伍元,中將 該屋典與 陳軍漢處為業三面議定典價銀台 伏【壹佰貳拾伍元】正又貼修理費壹 拾元合共
83802,pitt:31735064607512,31735064607512_001.html,1,1924,Government,閩侯（閩縣・侯官・林森）,price_supplement,deed,ok,dollar,10.0,元,,拾元,三面議定典價銀台 伏壹佰貳拾伍元正又貼修理費壹 【拾元】合共貳大壹佰叁拾伍元正其
83802,pitt:31735064607512,31735064607512_001.html,2,1924,Government,閩侯（閩縣・侯官・林森）,price_sale,deed,ok,dollar,135.0,元,,壹佰叁拾伍元,銀台 伏壹佰貳拾伍元正又貼修理費壹 拾元合共貳大【壹佰叁拾伍元】正其銀 即日經中收足其屋
83802,pitt:31735064607512,31735064607512_001.html,3,1924,Government,閩侯（閩縣・侯官・林森）,redemption,deed,ok,dollar,135.0,元,台伏,壹佰叁拾伍元,均從其便約定五年為限期滿 之日聽妹籌備原典銀台伏【壹佰叁拾伍元】取贖 不得半途言贖及別生
83802,pitt:31735064607512,31735064607512_002.html,0,1924,Government,閩侯（閩縣・侯官・林森）,fee,regulation,ok,dollar,1.0,元,,壹元,第 典 李 契銀每張收 善附捐【壹元】 相 第 張 卷 承典人
83802,pitt:31735064607512,31735064607512_002.html,1,1924,Government,閩侯（閩縣・侯官・林森）,price_pawn,deed,ok,dollar,125.0,元,,壹百貳拾伍元,卷 承典人姓名 陳軍漢 不動產種類 厝屋 典價 【壹百貳拾伍元】 應納稅額 叁元 柒角伍
83802,pitt:31735064607512,31735064607512_002.html,2,1924,Government,閩侯（閩縣・侯官・林森）,tax,deed,ok,dollar,3.0,元,,叁元,不動產種類 厝屋 典價 壹百貳拾伍元 應納稅額 【叁元】 柒角伍占 原契幾張 立
83803,pitt:31735064607520,31735064607520_001.html,0,1876,Government,永安,price_sale,deed,ok,dollar,17.0,元,,壹拾柒員,面時值盡骨併帶飯糧花押酒 席一應在內共成六兌價銀【壹拾柒員】正其係隨 字交付足額載今
83803,pitt:31735064607520,31735064607520_001.html,1,1876,Government,永安,price_sale,deed,ok,dollar,17.0,元,,壹拾柒員,紙付與買 主收執永遠為據 即日收到字內畫骨田價銀【壹拾柒員】正俱收足記 在場見代筆人
83804,pitt:31735064607538,31735064607538_001.html,0,1761,Government,永定,price_sale,deed,ok,tael,30.0,兩,九四|星色,叁拾兩,首承買當日 憑中三向言斷時值山埔土審價銀九四星色【叁拾兩】正其銀即日隨契交訖不欠分
83804,pitt:31735064607538,31735064607538_001.html,1,1761,Government,永定,price_sale,deed,ok,tael,30.0,兩,,叁拾兩,賣買山埔土審契永遠為照 即日得收山埔土審契內價銀【叁拾兩】正足訖 說命人官盛清務
83805,pitt:31735064607546,31735064607546_001.html,0,1760,Government,閩清,price_sale,deed,ok,tael,63.0,兩,紋廣,陸拾叁兩,下今因乏用 托中典與 葉處為葉三向言議得訖田價銀【陸拾叁兩】正紋廣 其銀即日收足其田
83806,pitt:31735064607553,31735064607553_001.html,0,1940,Personal,,price_sale,deed,ok,dollar,110.0,元,國幣,佰壹拾員,用托中引引 吳淮棉處三面言說賣契以示國所國幣銀書【佰壹拾員】正 其銀即日親手收足其山
83807,pitt:31735064607561,31735064607561_001.html,0,1917,Personal,,price_sale,deed,ok,dollar,27.0,元,番銀,貳拾柒員,因要用托中引到 贈叔祖公勳懷諸面議賣斷得出價番銀【貳拾柒員】正 每員陸份捌分重其銀即
83809,pitt:31735064607587,31735064607587_001.html,0,1871,Government,閩侯（閩縣・侯官・林森）,fee,deed,ok,dollar,1.0,元,,壹元,未稅之白契，無論典賣及產價多寡，每張祇收驗契費銀【壹元】，短此驗契，粘有驗契證者
83809,pitt:31735064607587,31735064607587_001.html,1,1871,Government,閩侯（閩縣・侯官・林森）,price_sale,deed,ok,dollar,1500.0,元,,一千五百元,千六 業主姓名 潮 青 中人姓名 潮 青 契價 【一千五百元】 其他 此契係 1917
83809,pitt:31735064607587,31735064607587_001.html,2,1871,Government,閩侯（閩縣・侯官・林森）,price_sale,deed,ok,dollar,110.0,元,,壹百壹拾元,兄 潮 青 處 永遠為業云云言議本日賣斷出田價銀【壹百壹拾元】 正其錢即日全中收足其田
83809,pitt:31735064607587,31735064607587_002.html,0,1871,Government,閩侯（閩縣・侯官・林森）,price_sale,deed,ok,cash,115000.0,文,,壹百壹拾伍千文,統斷與兄 潮壽處永遠為業三面言議本月賣斷出田價錢【壹百壹拾伍千文】 正其錢即日全中收足其田
83809,pitt:31735064607587,31735064607587_003.html,0,1871,Government,閩侯（閩縣・侯官・林森）,fee,regulation,ok,dollar,1.0,元,,壹元,等因奉此當經擬定分別徵收方法已稅之舊契每張收紙價【壹元】未稅之舊契每產價百元收紙
83809,pitt:31735064607587,31735064607587_003.html,1,1871,Government,閩侯（閩縣・侯官・林森）,price_sale,regulation,ok,dollar,100.0,元,,百元,徵收方法已稅之舊契每張收紙價壹元未稅之舊契每產價【百元】收紙價壹元其光復後新契已
83809,pitt:31735064607587,31735064607587_003.html,2,1871,Government,閩侯（閩縣・侯官・林森）,fee,regulation,ok,dollar,1.0,元,,壹元,稅之舊契每張收紙價壹元未稅之舊契每產價百元收紙價【壹元】其光復後新契已稅者不收紙
83809,pitt:31735064607587,31735064607587_003.html,3,1871,Government,閩侯（閩縣・侯官・林森）,price_sale,deed,ok,dollar,115.0,元,,壹百壹拾伍元,橫 丈 尺直 丈 尺中 證方濃官原價銀 兩申銀【壹百壹拾伍元】原契未稅遵章依限呈驗應納
83809,pitt:31735064607587,31735064607587_003.html,4,1871,Government,閩侯（閩縣・侯官・林森）,fee,deed,ok,dollar,1.2,元,,壹元貳角,兩申銀壹百壹拾伍元原契未稅遵章依限呈驗應納 紙價【壹元貳角】半已如數收訖合填契單粘連
83809,pitt:31735064607587,31735064607587_004.html,0,1871,Government,閩侯（閩縣・侯官・林森）,fee,deed,ok,dollar,1.0,元,,壹元,未稅之白契，無論典賣及產價多寡，每張祇收驗契費銀【壹元】，經此驗契，粘有驗契證者
83810,pitt:31735064607595,31735064607595_001.html,0,1932,Government,閩清,price_sale,deed,ok,dollar,14.0,元,大洋,拾肆員,劉紀臣處永遠為業三面言改即日約記田斷價 大洋律【拾肆員】正其銀隨契交足其田下聽臣
83810,pitt:31735064607595,31735064607595_002.html,0,1932,Government,閩清,rate,deed,ok,dollar,2.0,元,國幣,二元,與契稅為其契價百分之十 二、契紙工本費每張納國幣【二元】 三、完納契稅應于契約成
83812,pitt:31735064607611,31735064607611_001.html,0,1925,Government,閩侯（閩縣・侯官・林森）,price_sale,deed,ok,tael,40.0,兩,紋廣,肆拾兩,鄒道明處永遠為業三面言議即日得訖賣與 王之重價銀【肆拾兩】正紋廣其銀即日收足其屋
83813,pitt:31735064607629,31735064607629_001.html,0,1898,Personal,,price_sale,deed,ok,tael,32.0,兩,紋銀,叁拾貳兩,布村 劉仕懋名下邊為業當日三面議土風時值契價紋銀【叁拾貳兩】正足成契之日一頓現交未欠
83813,pitt:31735064607629,31735064607629_001.html,1,1898,Personal,,price_sale,deed,ok,tael,32.0,兩,紋銀|洋銀,叁拾貳兩,蘇廷林戶名當官完糧不得丟累存據 當日實得契價紋銀【叁拾貳兩】正足訖 另批中書洋銀壹兩
83813,pitt:31735064607629,31735064607629_001.html,2,1898,Personal,,fee,deed,ok,tael,1.52,兩,紋銀|洋銀,壹兩伍錢貳分,據 當日實得契價紋銀叁拾貳兩正足訖 另批中書洋銀【壹兩伍錢貳分】正 光緒貳拾肆年十一月廿
83816,pitt:31735064607645,31735064607645_002.html,0,1891,Personal,,tax,deed,ok,cash,50.0,文,,伍拾文,不得砍伐 福房份下 一厝屋前進二欄 年貼納完糧錢【伍拾文】 一厝邊牛欄一堵 一典楊
83816,pitt:31735064607645,31735064607645_004.html,0,1891,Personal,,price_sale,deed,ok,tael,60.0,兩,,陸拾兩,拾斤現耕 林克品 王鳳灼 林可廷 一田北馬鞍用價【陸拾兩】年應乾淨穀陸百斤 現耕蘇
83816,pitt:31735064607645,31735064607645_005.html,0,1891,Personal,,rent,deed,ok,cash,50.0,文,,伍拾文,其門路由二進出入喜喪事二進大廳通用年納楊家地租【伍拾文】 一厝屋楊家隔壁壹櫚 一
83816,pitt:31735064607645,31735064607645_005.html,1,1891,Personal,,rate,deed,ok,cash,400.0,文,,肆百文,三十六都二圖二甲林開戶下 又納倪家禾租肆拾斤折錢【肆百文】 一田湖尾土名流道應半根
83816,pitt:31735064607645,31735064607645_005.html,2,1891,Personal,,price_sale,deed,ok,tael,100.0,兩,,壹百兩,半田底 一田湖尾土名豬蹄坵根面全壹畝叁分 典契價【壹百兩】又借貳拾兩 糧色立在三十
83816,pitt:31735064607645,31735064607645_005.html,3,1891,Personal,,price_sale,deed,ok,tael,20.0,兩,,貳拾兩,田湖尾土名豬蹄坵根面全壹畝叁分 典契價壹百兩又借【貳拾兩】 糧色立在三十六都二圖四
83816,pitt:31735064607645,31735064607645_007.html,0,1891,Personal,,rent,deed,ok,cash,50.0,文,,伍拾文,份下 一厝屋第二進壹櫚直透後滴水止 年納楊家地租【伍拾文】其第三進門路聽其出入大廳
83816,pitt:31735064607645,31735064607645_008.html,0,1891,Personal,,tax,deed,ok,cash,60.0,文,,陸拾文,三房照輪 一園坑口園壹坪 內橄欖欖壹株應貼納糧錢【陸拾文】 一園桃棗坪壹坪 內橄欖
83816,pitt:31735064607645,31735064607645_008.html,1,1891,Personal,,tax,deed,ok,cash,60.0,文,,陸拾文,錢陸拾文 一園桃棗坪壹坪 內橄欖欖貳株應貼納糧錢【陸拾文】
83816,pitt:31735064607645,31735064607645_009.html,0,1891,Personal,,tax,deed,ok,cash,30.0,文,,叁拾文,一園坑裡厝仔前壹坪 年納糧錢【叁拾文】 一坑裡田仔壹坵 年貼納
83816,pitt:31735064607645,31735064607645_009.html,1,1891,Personal,,tax,deed,ok,cash,30.0,文,,叁拾文,壹坪 年納糧錢叁拾文 一坑裡田仔壹坵 年貼納糧錢【叁拾文】 此四號糧色均立在草市都
83816,pitt:31735064607645,31735064607645_009.html,2,1891,Personal,,tax,deed,ok,cash,50.0,文,,伍拾文,山壹崙 內沈家契買土名王豹四田仔壹塊年應貼納糧錢【伍拾文】 三房公納 一山坑裡對面
83817,pitt:31735064607652,31735064607652_001.html,0,1798,Government,建陽,price_sale,deed,ok,tael,8.0,兩,紋銀,捌兩,本族 道成安 名下增找 得杜斷朽房屋基價白系紋銀【捌兩】正成增契之日 壹併交足不
83817,pitt:31735064607652,31735064607652_001.html,1,1798,Government,建陽,price_sale,deed,ok,tael,8.0,兩,紋銀,捌兩,朽房屋地基契字為照 本日寔收得增找杜斷契價紋銀【捌兩】正足訖再照 外用中銀貳錢
83819,pitt:31735064607678,31735064607678_001.html,0,1782,Government,建陽,price_sale,deed,ok,tael,17.0,兩,紋銀,壹拾柒兩,新契字人應梓龍為照 本日寔收得增我杜新契內價紋銀【壹拾柒兩】正再照。 外用中見札銀伍
83820,pitt:31735064607686,31735064607686_001.html,0,1910,Government,,price_sale,deed,ok,dollar,10.0,元,番銀,拾員,今因要用 托中引到 叔祖朝朋慶諸面議典得出價番銀【拾員】正每 員陸錢叁分重其銀即
83821,pitt:31735064607694,31735064607694_001.html,0,1913,Government,閩侯（閩縣・侯官・林森）,fee,deed,ok,dollar,1.0,元,,壹元,奉 財政部電行劃一契 未稅契均 應一併限 收紙價【壹元】 未稅之 酌定正限三 個
83821,pitt:31735064607694,31735064607694_001.html,1,1913,Government,閩侯（閩縣・侯官・林森）,fee,deed,ok,dollar,1.0,元,,壹元,坐 向 橫 丈 尺直 丈 尺中 證陳春雷 紙價【壹元】 已 以 填 契 占 重
83822,pitt:31735064607702,31735064607702_001.html,0,1906,Government,閩侯（閩縣・侯官・林森）,price_sale,deed,ok,tael,30.0,兩,,叁拾兩,抄此 族弟可瓊永遠向業一面議定賣斷田價銀壹百 【叁拾兩】每兩一捌百文即日收足其田
83822,pitt:31735064607702,31735064607702_001.html,1,1906,Government,閩侯（閩縣・侯官・林森）,rate,deed,low,cash,1800.0,文,,一捌百文,弟可瓊永遠向業一面議定賣斷田價銀壹百 叁拾兩每兩【一捌百文】即日收足其田聽 業完課良
83824,pitt:31735064607728,31735064607728_001.html,0,1862,Personal,,price_sale,deed,ok,tael,283.5,兩,,貳百捌拾叁兩伍錢,田根 典與 林 處為業三面言议本日以訖田根價銀 【貳百捌拾叁兩伍錢】正其銀即日收足其田 根听
83824,pitt:31735064607728,31735064607728_001.html,1,1862,Personal,,rate,deed,ok,cash,750.0,文,銅錢,柒百伍拾文,為限俟限滿之日听備價照契向銀 兩取贖每兩銀折銅錢【柒百伍拾文】算如未 取贖仍听照舊管業
83825,pitt:31735064607736,31735064607736_001.html,0,1913,Government,閩侯（閩縣・侯官・林森）,fee,regulation,ok,dollar,1.0,元,,壹元,等因奉此旨經提定分別徵收方法已稅之舊契每張收紙價【壹元】未稅之舊契每產價百元收紙
83825,pitt:31735064607736,31735064607736_001.html,1,1913,Government,閩侯（閩縣・侯官・林森）,price_sale,regulation,ok,dollar,100.0,元,,百元,徵收方法已稅之舊契每張收紙價壹元未稅之舊契每產價【百元】收紙價壹元其光復後新契已
83825,pitt:31735064607736,31735064607736_001.html,2,1913,Government,閩侯（閩縣・侯官・林森）,fee,regulation,ok,dollar,1.0,元,,壹元,稅之舊契每張收紙價壹元未稅之舊契每產價百元收紙價【壹元】其光復後新契已稅者不收紙
83825,pitt:31735064607736,31735064607736_001.html,3,1913,Government,閩侯（閩縣・侯官・林森）,price_sale,deed,ok,tael,130.0,兩,,壹百叁拾兩,至 坐向 橫 丈 尺直 丈 尺中 證劉興國原價銀【壹百叁拾兩】中銀壹百八肆元原未稅遵章
83825,pitt:31735064607736,31735064607736_001.html,4,1913,Government,閩侯（閩縣・侯官・林森）,fee,deed,low,dollar,184.0,元,,壹百八肆元,丈 尺直 丈 尺中 證劉興國原價銀壹百叁拾兩中銀【壹百八肆元】原未稅遵章依限呈驗應納紙
83825,pitt:31735064607736,31735064607736_001.html,5,1913,Government,閩侯（閩縣・侯官・林森）,fee,deed,ok,dollar,1.0,元,,壹元,百叁拾兩中銀壹百八肆元原未稅遵章依限呈驗應納紙價【壹元】業已如數收訖合填契單未連
83826,pitt:31735064607744,31735064607744_001.html,0,1913,Government,閩侯（閩縣・侯官・林森）,fee,regulation,ok,dollar,1.0,元,,壹元,等因奉此當經擬定分函徵收方法已稅之舊契每張收紙價【壹元】未稅之舊契每張收紙價壹元
83826,pitt:31735064607744,31735064607744_001.html,1,1913,Government,閩侯（閩縣・侯官・林森）,fee,regulation,ok,dollar,1.0,元,,壹元,方法已稅之舊契每張收紙價壹元未稅之舊契每張收紙價【壹元】其先後新契已稅者不收紙價
83826,pitt:31735064607744,31735064607744_001.html,2,1913,Government,閩侯（閩縣・侯官・林森）,fee,deed,ok,dollar,138.0,元,,壹百叁拾捌元,大 尺直 丈 尺中 證王聯登 店價銀 兩中銀 【壹百叁拾捌元】原契未稅連章依限呈驗應納
83826,pitt:31735064607744,31735064607744_001.html,3,1913,Government,閩侯（閩縣・侯官・林森）,fee,deed,ok,dollar,1.4,元,,壹元肆角,兩中銀 壹百叁拾捌元原契未稅連章依限呈驗應納紙價【壹元肆角】業已收訖合填契單粘連原契
83827,pitt:31735064607751,31735064607751_001.html,0,1884,Government,閩侯（閩縣・侯官・林森）,price_sale,deed,ok,tael,44.0,兩,庫錫|大錠,肆拾肆兩,撥 典與 堂兄萬開處為業三面言議本日得訖田面價銀【肆拾肆兩】正 大錠庫錫其銀即日收足
83828,pitt:31735064607769,31735064607769_001.html,0,1884,Government,閩侯（閩縣・侯官・林森）,redemption,deed,ok,cash,850.0,文,銅錢,捌百伍拾文,限俟至限滿之日 听 備價照契面銀兩每兩銀折銅錢票【捌百伍拾文】 算贖回如未取贖仍听照舊
83832,pitt:31735064607793,31735064607793_001.html,0,1893,Government,閩侯（閩縣・侯官・林森）,price_sale,deed,ok,cash,850.0,文,,捌百五十文,田日租壹 派過甲入戶完納 不拘年限所憑照契 本錢【捌百五十文】其 照舊業但此 自已份下
83833,pitt:31735064607801,31735064607801_001.html,0,1881,Government,閩侯（閩縣・侯官・林森）,price_sale,deed,ok,cash,110000.0,文,,壹百壹拾千文,賣斷與 族叔萬開承遠為業三面言議賣斷田根 價錢【壹百壹拾千文】即日收足其田根聽 叔永遠
83834,pitt:31735064607819,31735064607819_001.html,0,1894,Government,閩侯（閩縣・侯官・林森）,tax,deed,ok,cash,500.0,文,,伍百文,多 業相連未曾分別清楚而得通年林家 貼納照完糧餉【伍百文】俟照查明直 歸耕邑與林家
83835,pitt:31735064607827,31735064607827_001.html,0,1894,Government,閩侯（閩縣・侯官・林森）,price_sale,deed,ok,cash,2000.0,文,,貳千文,與本鄉 林處永遠為業三面言據本日湊斷 出田面價錢【貳千文】公其錢即日收 足其田面所
83836,pitt:31735064607835,31735064607835_001.html,0,1866,Government,閩侯（閩縣・侯官・林森）,price_sale,deed,ok,tael,29.75,兩,紋廣,貳拾玖兩柒錢伍分,半號民田面繳曲與 林處為業三面言議本日得訖田價銀【貳拾玖兩柒錢伍分】正紋廣其銀即日收足其田面
83836,pitt:31735064607835,31735064607835_001.html,1,1866,Government,閩侯（閩縣・侯官・林森）,rate,deed,low,cash,150.0,文,,壹伍拾文,今欵有憑立撥繳曲郭壹為照 面約贖田之日每兩銀折錢【壹伍拾文】再傳道例收稅其稅銀若干贖
83837,pitt:31735064607843,31735064607843_001.html,0,1805,Government,閩侯（閩縣・侯官・林森）,price_sale,deed,ok,tael,14.0,兩,,壹拾肆兩,今因別用林 中結典典 處為業三向言議者日得記價銀【壹拾肆兩】止其銀即日收足其田即聽銀
83837,pitt:31735064607843,31735064607843_001.html,1,1805,Government,閩侯（閩縣・侯官・林森）,rate,deed,low,cash,850.0,文,,捌伍拾文,之約參年為限俟限滿之日聽備價照契面銀兩每兩折 鈔【捌伍拾文】美取贖銀主不得抵買未取贖
83839,pitt:31735064607868,31735064607868_001.html,0,1850,Personal,閩侯（閩縣・侯官・林森）,price_sale,deed,ok,tael,200.0,兩,九七|平戥,貳百兩,此田統賣與 林 虜為業三面言議本日賣出田根價銀 【貳百兩】正平戥九七色其銀即日收足
83841,pitt:31735064607884,31735064607884_001.html,0,1913,Government,閩侯（閩縣・侯官・林森）,fee,regulation,ok,dollar,1.0,元,,壹元,等因奉此當經擬定分別徵收方法已稅之舊契每張收紙價【壹元】未稅之舊契每產價百元收紙
83841,pitt:31735064607884,31735064607884_001.html,1,1913,Government,閩侯（閩縣・侯官・林森）,price_sale,regulation,ok,dollar,100.0,元,,百元,徵收方法已稅之舊契每張收紙價壹元未稅之舊契每產價【百元】收紙價壹元其光復後新契已
83841,pitt:31735064607884,31735064607884_001.html,2,1913,Government,閩侯（閩縣・侯官・林森）,fee,regulation,ok,dollar,1.0,元,,壹元,稅之舊契每張收紙價壹元未稅之舊契每產價百元收紙價【壹元】其光復後新契已稅者不收紙
83841,pitt:31735064607884,31735064607884_001.html,3,1913,Government,閩侯（閩縣・侯官・林森）,price_sale,deed,ok,tael,14.0,兩,,拾肆兩,至 坐向 橫 丈 尺直 丈 尺中 證楊海武原價銀【拾肆兩】中銀貳拾元原契已稅遵章依
83841,pitt:31735064607884,31735064607884_001.html,4,1913,Government,閩侯（閩縣・侯官・林森）,fee,deed,ok,dollar,20.0,元,,貳拾元,橫 丈 尺直 丈 尺中 證楊海武原價銀拾肆兩中銀【貳拾元】原契已稅遵章依限呈驗應納
83842,pitt:31735066237334,31735066237334_001.html,0,1784,Government,古田,price_sale,deed,ok,tael,19.0,兩,,壹拾玖兩,堂侄亨讀處入首承買為業 即日同中三面言議時值價銀【壹拾玖兩】 廣正每兩的錢捌百文正即
83842,pitt:31735066237334,31735066237334_001.html,1,1784,Government,古田,rate,deed,ok,cash,800.0,文,,捌百文,即日同中三面言議時值價銀壹拾玖兩 廣正每兩的錢【捌百文】正即日收訖其田 隨手退典
83843,pitt:31735066237342,31735066237342_001.html,0,1870,Government,屏南 / 古田,price_sale,deed,ok,tael,15.0,兩,,拾伍兩,四至明白歷言無異托中 送典邦昔承受為業出價銀貳 【拾伍兩】正契立銀收足訖無掛分厘
83844,pitt:31735066237359,31735066237359_001.html,0,1864,Government,古田,price_sale,deed,ok,tael,50.0,兩,,伍拾兩,指做項仍將該田托中 向在夫妻不大鈞靈會貽畫出價銀【伍拾兩】正 其銀各兩共銀拾兩 文
83844,pitt:31735066237359,31735066237359_001.html,1,1864,Government,古田,price_sale,deed,ok,tael,10.0,兩,,拾兩,在夫妻不大鈞靈會貽畫出價銀伍拾兩正 其銀各兩共銀【拾兩】 文呈立契之日今中 親和
83844,pitt:31735066237359,31735066237359_001.html,2,1864,Government,古田,redemption,deed,ok,tael,1.0,兩,,一兩,足有贖世貽言同治伍年冬本田仍 氏備 办原畫價銀【一兩】取贖限內 氏不得取贖限外
83844,pitt:31735066237359,31735066237359_001.html,3,1864,Government,古田,fee,deed,ok,tael,1.5,兩,,壹兩五錢,畧言兩允世悔之歎有愧立會 貽畫契一帝為照外中用銀【壹兩五錢】正再照認 係謙原契畫畫
83847,pitt:31735066237375,31735066237375_001.html,0,1779,Government,閩清,price_sale,deed,ok,tael,2.5,兩,,貳兩五錢,土名俱載在原契內明白今因乏用托友向 謝處嗟出價銀【貳兩五錢】正其田所謝任田管業 面約
83848,pitt:31735066237383,31735066237383_001.html,0,1872,Government,古田,price_sale,deed,ok,tael,47.5,兩,,肆拾柒兩伍錢,本墩鄭處正璟邊入頭承買收租為業三面言議時值契價銀【肆拾柒兩伍錢】數廣正其銀立契之日是煌兄
83848,pitt:31735066237383,31735066237383_001.html,1,1872,Government,古田,rate,deed,ok,cash,840.0,文,,捌百肆拾文,內歸已完納其限面約伍冬滿足外任煌備办價銀每兩折錢【捌百肆拾文】算贖回如無力任璟收租管業
83848,pitt:31735066237383,31735066237383_001.html,2,1872,Government,古田,price_sale,deed,ok,tael,47.5,兩,,肆拾柒兩伍錢,紙併繳原畫斷契叁紙共肆紙為照 今領上項交閱契價銀【肆拾柒兩伍錢】數廣正 同治拾壹年十一月
83849,pitt:31735066237391,31735066237391_001.html,0,1869,Government,屏南,price_sale,deed,ok,cash,41600.0,文,,肆拾壹千陸百文,向在根主作標送入頭承根為業今中言議 時值根價伐【肆拾壹千陸百文】正其伐親收 足訖無少隻文
83852,pitt:31735066237425,31735066237425_001.html,0,1920,Government,閩侯（閩縣・侯官・林森）,price_sale,deed,ok,dollar,32.0,元,台伏,叁拾貳元,夫伯欽祥震永遠為業三面言議今日賣新示價錢 台伏【叁拾貳元】正其錢即日收足其田听買主
83853,pitt:31735066237433,31735066237433_001.html,0,1928,Government,古田,price_sale,regulation,ok,dollar,41.0,元,,四十一元,令布告遵照在案茲據業戶盧亨雲呈繳已稅田契壹紙產價【四十一元】坐落四至原契已載明白遵章
83853,pitt:31735066237433,31735066237433_001.html,1,1928,Government,古田,fee,deed,ok,dollar,6.8,元,,六元八角,產價四十一元坐落四至原契已載明白遵章呈驗應納紙價【六元八角】分註冊費一角附加教育費貳
83853,pitt:31735066237433,31735066237433_001.html,2,1928,Government,古田,rate,regulation,ok,cash,5.0,文,,五文,須至契證者 恩增戶 右給業戶盧亨雲准此 每張收銀【五文】 中華民國十七年五月 日
83853,pitt:31735066237433,31735066237433_002.html,0,1928,Government,古田,fee,deed,ok,dollar,1.0,元,,壹元,未稅之白契，無論典賣及產價多寡，每張祇收驗契費銀【壹元】，經此驗契，粘有驗契證者
83854,pitt:31735066237441,31735066237441_001.html,0,1915,Government,古田,price_sale,deed,ok,tael,42.0,兩,,肆拾貳兩,坐 向 橫 業已 尺邀同中證 于受 議定價銀 【肆拾貳兩】 依限投稅應納稅銀 貳元
83854,pitt:31735066237441,31735066237441_001.html,1,1915,Government,古田,tax,deed,ok,dollar,2.0,元,,貳元,證 于受 議定價銀 肆拾貳兩 依限投稅應納稅銀 【貳元】 如數收訖合填契單粘連原
83855,pitt:31735066237458,31735066237458_002.html,0,1930,Government,古田,price_sale,regulation,ok,dollar,38.0,元,,叁拾捌元,通令布告遵照在案茲據業戶洪國慶呈繳未稅契壹紙產價【叁拾捌元】坐落四至原契已載明白遵章
83855,pitt:31735066237458,31735066237458_002.html,1,1930,Government,古田,tax,deed,ok,dollar,1.22,元,,壹元貳角貳分,產價叁拾捌元坐落四至原契已載明白遵章呈繳應納稅價【壹元貳角貳分】註冊費壹角附加教育費貳角
83856,pitt:31735066237466,31735066237466_001.html,0,,Government,古田,price_pawn,deed,ok,dollar,40.0,元,,肆拾員,本保 祖 謀丁處為業三面言議特得典價 划足重銀番【肆拾員】正其銀良全中親收足訖無
83856,pitt:31735066237466,31735066237466_002.html,0,,Government,古田,fee,deed,ok,dollar,1.0,元,,壹元,未稅之白契，無論典賣及產價多寡，每張祇收驗契費銀【壹元】，經此驗契 粘有驗契證者
83856,pitt:31735066237466,31735066237466_002.html,1,,Government,古田,price_sale,deed,ok,dollar,40.0,元,,肆拾元,捌 畝伍 分 釐 等則 賦額 地丁 糧米 產價 【肆拾元】 出典主姓名 陳如良 中
83856,pitt:31735066237466,31735066237466_002.html,2,,Government,古田,fee,deed,ok,dollar,1.0,元,,壹圓,鄉長簽名蓋章 此種未稅契驗契證每張征收驗契費銀【壹圓】正 古田縣三 此張填給業
83857,pitt:31735066237474,31735066237474_001.html,0,1925,Government,古田,fee,deed,ok,dollar,1.0,元,大洋,壹元,光緒三十三年拾月 二十日起契紙加收 善後附捐大洋【壹元】正 新領 契紙 古田契稅
83857,pitt:31735066237474,31735066237474_001.html,1,1925,Government,古田,price_sale,deed,ok,dollar,50.0,元,,伍拾元,年正月 買主姓名 張炳源 不動產種類 祀田 價 【伍拾元】 應納稅額 叁元 原契幾
83857,pitt:31735066237474,31735066237474_001.html,2,1925,Government,古田,tax,deed,ok,dollar,3.0,元,,叁元,張炳源 不動產種類 祀田 價 伍拾元 應納稅額 【叁元】 原契幾張 壹張 例則摘
83857,pitt:31735066237474,31735066237474_001.html,3,1925,Government,古田,fee,regulation,ok,dollar,5.0,元,,五元,一 賣主或出典人以私紙訂立契約者得由徵稅官署處以【五元】以上五十元以下之罰金 一
83857,pitt:31735066237474,31735066237474_001.html,4,1925,Government,古田,fee,regulation,ok,dollar,50.0,元,,五十元,或出典人以私紙訂立契約者得由徵稅官署處以五元以上【五十元】以下之罰金 一 逾限未稅
83858,pitt:31735066237482,31735066237482_001.html,0,1913,Government,屏南,fee,regulation,ok,dollar,1.0,元,,壹元,等因奉此當經擬定分別徵收方法已稅之舊契每張收紙價【壹元】未稅之舊契每產價百元收紙
83858,pitt:31735066237482,31735066237482_001.html,1,1913,Government,屏南,price_sale,regulation,ok,dollar,100.0,元,,百元,徵收方法已稅之舊契每張收紙價壹元未稅之舊契每產價【百元】收紙價壹元其光復後新契已
83858,pitt:31735066237482,31735066237482_001.html,2,1913,Government,屏南,fee,regulation,ok,dollar,1.0,元,,壹元,稅之舊契每張收紙價壹元未稅之舊契每產價百元收紙價【壹元】其光復後新契已稅者不收紙
83858,pitt:31735066237482,31735066237482_001.html,3,1913,Government,屏南,fee,deed,ok,dollar,1.0,元,,壹元,原價銀 北至 坐 向橫 大 尺直 大 尺中 紙價【壹元】業已如數收訖合填契單粘連
83864,pitt:31735066237532,31735066237532_001.html,0,1904,Government,閩侯（閩縣・侯官・林森）,price_sale,deed,ok,dollar,60.0,元,大洋,陸拾員,斷與 黃財業安永遠為業三面言議本日得訖田價 大洋【陸拾員】正其銀隨契交足其田所黃另
83865,pitt:31735066237540,31735066237540_001.html,0,1942,Government,閩清,price_sale,deed,ok,dollar,250.0,元,國幣,貳佰伍拾元,興處永遠為業三面三像 去日清訖賣謝田 根價彈國幣【貳佰伍拾元】正其款即日交足其田 張永
83865,pitt:31735066237540,31735066237540_002.html,0,1942,Government,閩清,rate,deed,ok,dollar,2.0,元,國幣,二元,與契稅為其契價百分之十 二、契紙工本費每張納國幣【二元】 三、完納契稅應于契約成
83866,pitt:31735066237557,31735066237557_001.html,0,1903,Government,永泰（永福）,price_sale,deed,ok,tael,15.0,兩,紋廣,壹拾五兩,托中送賣前金寬奕處為業三 面言議時值價銀正紋廣銀【壹拾五兩】正其紋良即日收 訖其底面
83866,pitt:31735066237557,31735066237557_002.html,0,1903,Government,永泰（永福）,rate,deed,ok,dollar,4.0,元,國幣,四元,有契稅為百分之十五 (二) 契紙工本費每張納國幣【四元】 (三) 完納契稅期間
83868,pitt:31735066237573,31735066237573_001.html,0,1869,Government,閩侯（閩縣・侯官・林森）,price_sale,deed,ok,tael,10.0,兩,足色,拾兩,托中賣斷與 王慶為業三而言議賣斷得屋價足色庫磁銀【拾兩】正 其銀即日全中隨券立其
83868,pitt:31735066237573,31735066237573_002.html,0,1869,Government,閩侯（閩縣・侯官・林森）,fee,regulation,ok,dollar,1.0,元,,壹元,等因奉此當經擬定分別徵收方法已稅之舊契每張收紙價【壹元】未稅之舊契每產價百元收紙
83868,pitt:31735066237573,31735066237573_002.html,1,1869,Government,閩侯（閩縣・侯官・林森）,price_sale,regulation,ok,dollar,100.0,元,,百元,徵收方法已稅之舊契每張收紙價壹元未稅之舊契每產價【百元】收紙價壹元其光復後新契已
83868,pitt:31735066237573,31735066237573_002.html,2,1869,Government,閩侯（閩縣・侯官・林森）,fee,regulation,ok,dollar,1.0,元,,壹元,稅之舊契每張收紙價壹元未稅之舊契每產價百元收紙價【壹元】其光復後新契已稅者不收紙
83868,pitt:31735066237573,31735066237573_002.html,3,1869,Government,閩侯（閩縣・侯官・林森）,fee,deed,ok,dollar,1.0,元,,壹元,兩申銀 肆拾 元原契未稅遵章依限呈驗應納 紙價【壹元】 業已如數收訖合填契單粘
83868,pitt:31735066237573,31735066237573_003.html,0,1869,Government,閩侯（閩縣・侯官・林森）,price_sale,regulation,ok,dollar,44.4,元,,肆拾肆元零四角,法分飭遵照在案茲據業戶王元雷呈繳已稅斷契壹紙產價【肆拾肆元零四角】呈繳已稅斷契壹紙產價肆拾
83875,pitt:31735066237649,31735066237649_001.html,0,1920,Government,閩侯（閩縣・侯官・林森）,rate,regulation,ok,cash,1100.0,文,,千壹百文,丁銀每兩貳 【千壹百文】 照定章現年 地丁過忙完
83875,pitt:31735066237649,31735066237649_001.html,1,1920,Government,閩侯（閩縣・侯官・林森）,rate,regulation,ok,cash,100.0,文,,壹百文,千壹百文 照定章現年 地丁過忙完 納者每兩加 收【壹百文】外 另加征收費 壹成隨糧
83875,pitt:31735066237649,31735066237649_001.html,2,1920,Government,閩侯（閩縣・侯官・林森）,other,regulation,ok,cash,100.0,文,,百文,納者每兩加 收壹百文外 另加征收費 壹成隨糧肆 【百文】附加貳百 文依此類推 發
83875,pitt:31735066237649,31735066237649_002.html,0,1920,Government,閩侯（閩縣・侯官・林森）,other,deed,ok,cash,400.0,文,,肆百文,.. 工... 具... 詳... 未每有肆 下【肆百文】 另加銀收 費書受贈 搜
83875,pitt:31735066237649,31735066237649_003.html,0,1920,Government,閩侯（閩縣・侯官・林森）,rate,regulation,ok,cash,400.0,文,,肆百文,色米每石肆 干【肆百文】遵 照定章現年 色米過忙
83875,pitt:31735066237649,31735066237649_003.html,1,1920,Government,閩侯（閩縣・侯官・林森）,rate,regulation,ok,cash,500.0,文,,伍百文,肆百文遵 照定章現年 色米過忙完 納者每石加 收【伍百文】外 另加征收費 壹成隨糧
83875,pitt:31735066237649,31735066237649_003.html,2,1920,Government,閩侯（閩縣・侯官・林森）,other,regulation,ok,cash,100.0,文,,百文,納者每石加 收伍百文外 另加征收費 壹成隨糧肆 【百文】附加貳百 文依此類推 版
83876,pitt:31735066237656,31735066237656_005.html,0,1890,Government,閩侯（閩縣・侯官・林森）,tax,deed,ok,tael,1.0,兩,,壹兩,鄉 都納戶 傳 第 生 光緒拾捌年分地正耗 銀【壹兩】正須至執照者 光緒拾捌年
83876,pitt:31735066237656,31735066237656_007.html,0,1890,Government,閩侯（閩縣・侯官・林森）,other,deed,ok,dollar,1.0,元,,壹圓,一月 廣東省城 署 完納 光緒拾陸 年 月 日 【壹圓】正 光緒拾陸年 月 日
83876,pitt:31735066237656,31735066237656_008.html,0,1890,Government,閩侯（閩縣・侯官・林森）,other,deed,ok,tael,1.0,兩,,壹兩,陳道才 完納 完納 完納 光緒拾陸年 小 銀 【壹兩】正 光緒拾陸年 月 日給
83882,pitt:31735066237706,31735066237706_001.html,0,1936,Personal,,price_sale,deed,ok,dollar,60.0,元,大洋|國幣,陸拾員,從弟欽瑞處為三面商議將值實價畫根找價賣出國幣大洋【陸拾員】正其銀即日全中企申當面交
83882,pitt:31735066237706,31735066237706_001.html,1,1936,Personal,,price_sale,deed,ok,dollar,60.0,元,大洋|國幣,陸拾員,日全中當面實交畫根賣契並找價賣斷內應產價國幣大洋【陸拾員】正足託 民國丙子念拾伍年
83885,pitt:31735066237730,31735066237730_001.html,0,1910,Government,建陽,price_sale,deed,ok,tael,8.25,兩,洋銀,捌兩貳錢伍分,源森名下承買為業當日三面言議時值土風斷契價 洋銀【捌兩貳錢伍分】正足成契之日一頓交足未久
83885,pitt:31735066237730,31735066237730_001.html,1,1910,Government,建陽,price_sale,deed,ok,tael,8.25,兩,洋銀,捌兩貳錢伍分,欲有憑敬立賣斷契字為照 當日實交得時值斷契價洋銀【捌兩貳錢伍分】足記 謹 當日面批菜園上
83886,pitt:31735066237748,31735066237748_001.html,0,1928,Personal,,price_sale,deed,ok,dollar,2150.0,元,,貳仟壹百伍拾元,中白到堂 兄國寶處三面言議今日將此田賣斷出價 銀【貳仟壹百伍拾元】正其銀即日隨契交足其 田
83887,pitt:31735066237755,31735066237755_001.html,0,1935,Government,閩侯（閩縣・侯官・林森）,fee,deed,ok,dollar,1.0,元,,壹元,未稅之白契，無論典賣及產價多寡，每張祇收驗契費銀【壹元】，經此驗契，粘有驗契證者
83887,pitt:31735066237755,31735066237755_001.html,1,1935,Government,閩侯（閩縣・侯官・林森）,price_sale,deed,ok,dollar,920.0,元,,九佰貳拾元,畝等 分則 畝分 釐 賦額 地丁 糧米 產價 【九佰貳拾元】 出典主姓名 張國光 中
83888,pitt:31735066237763,31735066237763_001.html,0,1937,Government,晉江,price_sale,deed,ok,dollar,18.0,元,法幣,壹拾捌元,契原因 年湮代遠 四鄰證人姓名 屋貳 產價 法幣【壹拾捌元】正 應納稅銀 法幣叁角陸
83888,pitt:31735066237763,31735066237763_001.html,1,1937,Government,晉江,fee,regulation,ok,dollar,3.0,元,,三元,外，但因遺失而補領者，每張應另處六倍契紙費之罰金【三元】，如係填寫錯誤或其他事故
83888,pitt:31735066237763,31735066237763_001.html,2,1937,Government,晉江,fee,regulation,ok,dollar,1.0,元,,一元,有原契紙繳銷而補領者，每張應另處二倍契紙費之罰金【一元】，於補領契紙時繳納。 此
83902,pitt:31735066266259,31735066266259_001.html,0,1840,Personal,,other,deed,ok,cash,100.0,文,,壹百文,陳兆熙造墳係長次房全造其鐵費用外對半勻分又每干起【壹百文】與次房費用 一門前大池書
83902,pitt:31735066266259,31735066266259_001.html,1,1840,Personal,,other,deed,ok,cash,290.0,文,,貳百玖拾文,與次房年底之需次房值輪亦然其根色不論當輪按年應完【貳百玖拾文】係兩房勻分 長男國詩 次
83903,pitt:31735066266267,31735066266267_001.html,0,1866,Government,閩侯（閩縣・侯官・林森）,price_sale,deed,ok,tael,18.0,兩,足色,壹拾捌兩,與 林 處永遠為業三面言議本日賣斷出田面價 鏡銀【壹拾捌兩】正庫陶足色其銀即日收足其
83906,pitt:31735066266291,31735066266291_001.html,0,1890,Personal,,price_sale,deed,ok,tael,2.25,兩,洋銀,貳兩貳錢伍分,斷與程長孫名下當日三面言議賣 得土風時值契價洋銀【貳兩貳錢伍分】正成契之日一色現交不敢少
83906,pitt:31735066266291,31735066266291_001.html,1,1890,Personal,,price_supplement,deed,ok,tael,2.25,兩,洋銀,貳兩貳錢伍分,無 憑立賣粟廠房屋斷契字為照 當日實交得找出洋銀【貳兩貳錢伍分】正足。 光緒貳拾五年日立
83907,pitt:31735066266309,31735066266309_001.html,0,1890,Personal,,price_sale,deed,ok,tael,4.0,兩,洋銀,肆兩,斷與程長孫名下為業當日三面言議 土風時值契價洋銀【肆兩】正足成契之日一頭交足未欠
83907,pitt:31735066266309,31735066266309_001.html,1,1890,Personal,,price_sale,deed,ok,tael,4.0,兩,洋銀,肆兩,業未便繳照當日批明 當日實交得土風時值斷契價洋銀【肆兩】正足 光緒拾陸年十月日立
83909,pitt:31735066266317,31735066266317_001.html,0,1870,Personal,,price_sale,deed,ok,tael,12.0,兩,洋銀,拾貳兩,翁金寶名下為業當日三面言議賣得土風時直新契價洋銀【拾貳兩】正足成契之日一頓交足未欠
83909,pitt:31735066266317,31735066266317_001.html,1,1870,Personal,,price_sale,deed,ok,tael,12.0,兩,洋銀,拾貳兩,相干二字當日批明 當日實交得土風時直賣新契價洋銀【拾貳兩】正足○ 同治玖年 四月
83912,pitt:31735066266341,31735066266341_001.html,0,1928,Government,,price_sale,regulation,ok,dollar,1304.0,元,,壹仟叁佰零四元,分別通令布告遵照在案茲據業戶呈繳已稅斷契壹紙產價【壹仟叁佰零四元】坐落四至原契已載明白遵章
83912,pitt:31735066266341,31735066266341_001.html,1,1928,Government,,fee,deed,ok,dollar,1.5,元,,壹元伍角,仟叁佰零四元坐落四至原契已載明白遵章呈驗應納紙價【壹元伍角】註冊費壹角附加教育費貳角
83914,pitt:31735066266366,31735066266366_001.html,0,1842,Personal,,price_sale,deed,ok,cash,350.0,文,,叁百伍拾文,池主寄在田中田主不得言說 外再買池土半埭公估價銀【叁百伍拾文】池主不得半途翻異其池土枯
83915,pitt:31735066266374,31735066266374_001.html,0,1844,Personal,閩侯（閩縣・侯官・林森）,price_sale,deed,ok,tael,65.0,兩,,陸拾伍兩,店屋托 中曲興 葉慶為業三面言議本日得訖店屋價銀【陸拾伍兩】正外貼修理銀伍兩共成業
83915,pitt:31735066266374,31735066266374_001.html,1,1844,Personal,閩侯（閩縣・侯官・林森）,price_supplement,deed,ok,tael,5.0,兩,紋廣,伍兩,為業三面言議本日得訖店屋價銀陸拾伍兩正外貼修理銀【伍兩】共成業 檢兩正其銀正紋廣
83915,pitt:31735066266374,31735066266374_002.html,0,1844,Personal,閩侯（閩縣・侯官・林森）,price_sale,deed,ok,tael,30.0,兩,紋廣,叁拾兩,此店屋湊斷與 葉慶為業三面言議本日湊斷得店屋價銀【叁拾兩】正共成壹百兩正其銀正紋廣
83915,pitt:31735066266374,31735066266374_002.html,1,1844,Personal,閩侯（閩縣・侯官・林森）,price_sale,deed,ok,tael,100.0,兩,紋廣,壹百兩,葉慶為業三面言議本日湊斷得店屋價銀叁拾兩正共成【壹百兩】正其銀正紋廣九 七色其銀
83916,pitt:31735066266382,31735066266382_001.html,0,1888,Government,古田,fee,regulation,ok,dollar,1.0,元,,壹元,等因奉此當經擬定分別徵收方法已稅之舊契每張收紙價【壹元】未稅之舊契每產價百元收紙
83916,pitt:31735066266382,31735066266382_001.html,1,1888,Government,古田,price_sale,regulation,ok,dollar,100.0,元,,百元,徵收方法已稅之舊契每張收紙價壹元未稅之舊契每產價【百元】收紙價壹元其光復後新契已
83916,pitt:31735066266382,31735066266382_001.html,2,1888,Government,古田,fee,regulation,ok,dollar,1.0,元,,壹元,稅之舊契每張收紙價壹元未稅之舊契每產價百元收紙價【壹元】其光復後新契已稅者不收紙
83916,pitt:31735066266382,31735066266382_001.html,3,1888,Government,古田,price_pawn,deed,ok,dollar,6.0,元,,陸元,照在案今據古田縣業戶陸元賜於清光緒廿年十月日典受【陸元】規建屯田貳畝坐落古田縣萬
83916,pitt:31735066266382,31735066266382_001.html,4,1888,Government,古田,fee,deed,ok,dollar,1.0,元,,壹元,兩中銀 叁拾 元原契未稅遵章依限呈驗應納 紙價【壹元】業已如數收訖合填契單粘連
83916,pitt:31735066266382,31735066266382_002.html,0,1888,Government,古田,other,deed,ok,dollar,6.0,元,,陸元,立典契【陸元】規于上年間父手遺置有建
83916,pitt:31735066266382,31735066266382_002.html,1,1888,Government,古田,price_sale,deed,ok,tael,36.0,兩,紋廣,叁拾陸兩,兄元賜 兄弟邊入頭受典營業 全中三面言議時得價銀【叁拾陸兩】紋廣 正其銀立契即日是
83916,pitt:31735066266382,31735066266382_002.html,2,1888,Government,古田,rate,deed,ok,cash,830.0,文,,捌百叁拾文,限言約五冬滿足外任從 規 办典契價銀贖回每兩折錢【捌百叁拾文】算且 賜 亦不得攔留兩家
83916,pitt:31735066266382,31735066266382_002.html,3,1888,Government,古田,price_sale,deed,ok,tael,36.0,兩,紋廣,叁拾陸兩,以折繳向後取出不健行用再照 今領交關上項典契價銀【叁拾陸兩】紋廣正 外中用肇資銀共伍
83917,pitt:31735066266390,31735066266390_001.html,0,1915,Government,連江,price_sale,deed,ok,dollar,10.0,元,,拾元,向橫 丈 尺直 丈 尺邀 同中證陳端率議定價銀 【拾元】 依限投稅應納稅銀 拾元
83917,pitt:31735066266390,31735066266390_001.html,1,1915,Government,連江,tax,deed,ok,dollar,10.5,元,,拾元五角,同中證陳端率議定價銀 拾元 依限投稅應納稅銀 【拾元五角】 業已如數收訖合填契單粘
83925,pitt:31735066266465,31735066266465_001.html,0,,Government,閩侯（閩縣・侯官・林森）,price_sale,deed,ok,cash,32000.0,文,,叁拾貳千文,吳秉鑑全母王氏胞弟秉鈞於嘉慶二年間承父在日用價錢【叁拾貳千文】典得 鄭家厝屋壹櫚五柱坐
83925,pitt:31735066266465,31735066266465_001.html,1,,Government,閩侯（閩縣・侯官・林森）,price_sale,deed,ok,cash,30000.0,文,,叁拾千文,契內明白今因乏用 托中引到 謝慶轉典出原典契面錢【叁拾千文】外貼修理錢貳千文共成叁拾
83925,pitt:31735066266465,31735066266465_001.html,2,,Government,閩侯（閩縣・侯官・林森）,price_supplement,deed,ok,cash,2000.0,文,,貳千文,托中引到 謝慶轉典出原典契面錢叁拾千文外貼修理錢【貳千文】共成叁拾貳千文其錢即日收
83925,pitt:31735066266465,31735066266465_001.html,3,,Government,閩侯（閩縣・侯官・林森）,price_sale,deed,ok,cash,32000.0,文,,叁拾貳千文,謝慶轉典出原典契面錢叁拾千文外貼修理錢貳千文共成【叁拾貳千文】其錢即日收 足其屋即聽從
83926,pitt:31735066266473,31735066266473_001.html,0,1868,Government,閩侯（閩縣・侯官・林森）,price_sale,deed,ok,tael,56.0,兩,紋廣,伍拾陸兩,下墩根面全之田典與 程利啟處為業三面言議典出價銀【伍拾陸兩】正紋廣其銀即日收足其上下
83926,pitt:31735066266473,31735066266473_001.html,1,1868,Government,閩侯（閩縣・侯官・林森）,rate,deed,ok,cash,850.0,文,銅錢,捌百伍拾文,年為限事至限滿之日听端備價照契面銀兩每兩銀折銅錢【捌百伍拾文】算依期取贖款不得執番此上
83926,pitt:31735066266473,31735066266473_003.html,0,1868,Government,閩侯（閩縣・侯官・林森）,price_sale,deed,ok,dollar,49.0,元,,肆拾玖元,橫 丈 尺直 丈 業已 尺邊同中證林興梅議定價銀【肆拾玖元】 依限投稅應納稅銀貳元
83926,pitt:31735066266473,31735066266473_003.html,1,1868,Government,閩侯（閩縣・侯官・林森）,tax,deed,ok,dollar,2.0,元,,貳元,邊同中證林興梅議定價銀肆拾玖元 依限投稅應納稅銀【貳元】 如數收訖合填契單粘連原
83930,pitt:31735066266515,31735066266515_001.html,0,1839,Government,古田,price_sale,deed,ok,tael,15.0,兩,紋廣,拾伍兩,洋村蘓處大紳遷入頭承典為業三面言議時值田價銀陸 【拾伍兩】紋廣正其銀親收足訖無掛分
83930,pitt:31735066266515,31735066266515_001.html,1,1839,Government,古田,fee,deed,ok,cash,800.0,文,,捌百文,壹紙畫契壹紙借字壹紙共成肆紙統付為憑 外有中用錢【捌百文】正 今領上項交閱田價銀陸
83930,pitt:31735066266515,31735066266515_001.html,2,1839,Government,古田,price_sale,deed,ok,tael,65.0,兩,紋廣,陸拾伍兩,統付為憑 外有中用錢捌百文正 今領上項交閱田價銀【陸拾伍兩】紋廣整 道光拾玖年十壹月
83931,pitt:31735066266523,31735066266523_001.html,0,1802,Personal,閩清,price_sale,deed,ok,tael,22.0,兩,紋廣,貳拾貳兩,分明今因造壅嗣祖妣吉用托中 向在 傳 處畫出價銀【貳拾貳兩】正紋廣其銀隨契交訖其田聽
83932,pitt:31735066266531,31735066266531_001.html,0,1913,Government,閩清,fee,regulation,ok,dollar,1.0,元,,壹元,戒等因奉此當經擬定分別徵收方法已稅之舊契再收紙價【壹元】未稅之舊契每產價百元收紙
83932,pitt:31735066266531,31735066266531_001.html,1,1913,Government,閩清,price_sale,regulation,ok,dollar,100.0,元,,百元,別徵收方法已稅之舊契再收紙價壹元未稅之舊契每產價【百元】收紙價壹元其光復後新契已
83932,pitt:31735066266531,31735066266531_001.html,2,1913,Government,閩清,fee,regulation,ok,dollar,1.0,元,,壹元,已稅之舊契再收紙價壹元未稅之舊契每產價百元收紙價【壹元】其光復後新契已稅者不收紙
83932,pitt:31735066266531,31735066266531_001.html,3,1913,Government,閩清,price_sale,deed,low,tael,17500.0,兩,,壹柒千伍百兩,至 坐向 橫 大 尺直 大 尺中 證范尔声原價銀【壹柒千伍百兩】申銀 壹拾柒 元原契未稅
83932,pitt:31735066266531,31735066266531_001.html,4,1913,Government,閩清,fee,deed,ok,dollar,1.0,元,,壹元,百兩申銀 壹拾柒 元原契未稅遵章依限呈驗應納紙價【壹元】 業已如數收訖合填契單粘
83933,pitt:31735066266549,31735066266549_001.html,0,1927,Government,閩清,price_sale,deed,ok,dollar,198.0,元,,壹百玖拾捌元,契 承典人 姓名 文鳳 不動產種類 民田 價 【壹百玖拾捌元】 應納稅額 捌元柒角伍占
83933,pitt:31735066266549,31735066266549_001.html,1,1927,Government,閩清,tax,deed,ok,dollar,8.7,元,,捌元柒角,不動產種類 民田 價 壹百玖拾捌元 應納稅額 【捌元柒角】伍占捌分 原契幾張 立契
83933,pitt:31735066266549,31735066266549_001.html,2,1927,Government,閩清,fee,regulation,ok,dollar,5.0,元,,五元,一 賣主或出典人以私紙訂立契約者得由徵稅官署處以【五元】以上五十元以下之罰金 一
83933,pitt:31735066266549,31735066266549_001.html,3,1927,Government,閩清,fee,regulation,ok,dollar,50.0,元,,五十元,或出典人以私紙訂立契約者得由徵稅官署處以五元以上【五十元】以下之罰金 一 逾限未稅
83933,pitt:31735066266549,31735066266549_002.html,0,1927,Government,閩清,price_sale,regulation,ok,dollar,118.0,元,,壹百拾捌元,分別通令布告遵照在案茲據業戶 久鳳已稅契壹紙產價【壹百拾捌元】坐落四王原契已載明白遵章
83933,pitt:31735066266549,31735066266549_002.html,1,1927,Government,閩清,price_sale,deed,ok,dollar,118.0,元,,壹百拾捌元,十七年二月 日給 新字第 號 縣新字 號 號產價【壹百拾捌元】 文 文
83934,pitt:31735066266556,31735066266556_001.html,0,1840,Government,閩清,price_sale,deed,ok,cash,11500.0,文,,壹拾壹仟伍百文,杉什木筭竹桐茶賣中 林高滿處為業三面言議賣出價伐【壹拾壹仟伍百文】 正其伐即日交足其兩号山
83934,pitt:31735066266556,31735066266556_001.html,1,1840,Government,閩清,rent,deed,ok,cash,100.0,文,,壹百文,敢異 言其厝听 滿擇日入宅住居永遠通行分納厝租伐【壹百文】 又分山租伐壹百文俟至十
83934,pitt:31735066266556,31735066266556_001.html,2,1840,Government,閩清,rent,deed,ok,cash,100.0,文,,壹百文,擇日入宅住居永遠通行分納厝租伐壹百文 又分山租伐【壹百文】俟至十月交还 林家不敢欠
83934,pitt:31735066266556,31735066266556_002.html,0,1840,Government,閩清,price_sale,deed,ok,dollar,12.0,元,,拾貳圓,東至 南至 西至 北至 上手原契 屋貳 賣價 【拾貳圓】 應納稅銀 肆角捌分 立
83934,pitt:31735066266556,31735066266556_002.html,1,1840,Government,閩清,fee,regulation,ok,dollar,3.0,元,,三元,，但因遺失而補領者，每張應另處六倍契紙費之罰金(【三元】)，如係填寫錯誤其他事故
83934,pitt:31735066266556,31735066266556_002.html,2,1840,Government,閩清,fee,regulation,ok,dollar,2.0,元,,二元,原契紙繳銷而補領者，每張應另處二倍契紙費之罰金(【二元】)於補領契紙時繳納。 此
83935,pitt:31735066266564,31735066266564_001.html,0,1934,Government,閩侯（閩縣・侯官・林森）,rate,deed,ok,dollar,10.0,元,大洋,拾元,家管業收租面約每 月每元行息壹分六厘計共按月大洋【拾元】零捌占已該屋現已未租先
83935,pitt:31735066266564,31735066266564_001.html,1,1934,Government,閩侯（閩縣・侯官・林森）,rent,deed,ok,dollar,10.0,元,大洋,拾元,大洋拾元零捌占已該屋現已未租先 扣壹個月租金大洋【拾元】零捌占已俟後此屋租出將租
83935,pitt:31735066266564,31735066266564_002.html,0,1934,Government,閩侯（閩縣・侯官・林森）,tax,deed,ok,dollar,2.0,元,,貳元,至 巷尾 四 上手原契 貳 四柱厝尾 應納稅銀 【貳元】 肆角 七 出典人姓名
83935,pitt:31735066266564,31735066266564_002.html,1,1934,Government,閩侯（閩縣・侯官・林森）,fee,regulation,ok,dollar,3.0,元,,三元,，但因遺失而補領者，每張應另處六倍契紙費之罰金(【三元】)，如係填寫錯誤或他事故
83935,pitt:31735066266564,31735066266564_002.html,2,1934,Government,閩侯（閩縣・侯官・林森）,fee,regulation,ok,dollar,2.0,元,,二元,，原契紙銷而補領者，每張應另處二倍契紙費之罰金(【二元】)，於補領契紙時繳納。
83940,pitt:31735066266606,31735066266606_001.html,0,,Personal,,price_sale,deed,ok,cash,11500.0,文,,拾壹仟伍百文,合送与 侄咸宜為建築廚房三面言說即日得記價後壹 【拾壹仟伍百文】正其錢隨手交足其他中 付
83941,pitt:31735066266614,31735066266614_001.html,0,,Personal,,price_sale,deed,ok,cash,20000.0,文,,貳拾千文,壹斗伍合正今送與 弟咸宜處建築廚房三面議定田價錢【貳拾千文】正 其錢隨手交足其地即付
83942,pitt:31735066266622,31735066266622_001.html,0,1936,Personal,閩侯（閩縣・侯官・林森）,price_sale,deed,ok,dollar,60.0,元,大洋,陸拾圓,從弟欽瑞處為三面高議時值實價盡根找價共賣出大洋番【陸拾圓】正其銀即日全中當面交足此
83942,pitt:31735066266622,31735066266622_001.html,1,1936,Personal,閩侯（閩縣・侯官・林森）,price_sale,deed,ok,dollar,60.0,元,大洋,陸拾員,本日全中當面賣交盡根斷賣契並找價賣斷內應產價大洋【陸拾員】正足託 民國丙子念拾伍年
83944,pitt:31735066266648,31735066266648_001.html,0,1879,Personal,,price_sale,deed,ok,tael,10.0,兩,,拾兩,連孫處為業三面商議特值實價畫根 賣出九五成色銀念【拾兩】廣戰正足其銀即 令中支足
83944,pitt:31735066266648,31735066266648_001.html,1,1879,Personal,,price_sale,deed,ok,tael,11.0,兩,,拾壹兩,今教 有憑立畫根契壹紙存燒 本日實收交閱契內銀念【拾壹兩】廣戰正足訖 中見人莊世空
83945,pitt:31735066266655,31735066266655_001.html,0,1932,Personal,福清,price_sale,deed,ok,dollar,170.0,元,洋銀,佰柒拾員,業三面商議時值定便畫根並找價新賣出洋銀大 龍番厘【佰柒拾員】正計每元柒錢貳分伍厘重其
83945,pitt:31735066266655,31735066266655_001.html,1,1932,Personal,福清,other,deed,ok,tael,3.0,兩,,參兩,言說幸逢大造其 茶奉合就 為 冬下起係如通收入壽【參兩】柴 冬下納糧當差永為己業
83945,pitt:31735066266655,31735066266655_001.html,2,1932,Personal,福清,price_sale,deed,ok,dollar,170.0,元,,佰柒拾元,價新賣契奉為據存 本日寅人交畫根賣契內出大龍番厘【佰柒拾元】全中足說 民國念陸年歲次
83946,pitt:31735066266663,31735066266663_001.html,0,1936,Personal,,price_sale,deed,ok,dollar,115.0,元,大洋|國幣,壹佰壹拾伍員,欽瑞處為三面商議時值實價盡根並找價共賣出國幣大洋【壹佰壹拾伍員】正其銀即日全中當面交足本
83946,pitt:31735066266663,31735066266663_001.html,1,1936,Personal,,price_sale,deed,ok,dollar,115.0,元,大洋|國幣,壹佰壹拾伍員,中當面實買交盡根斷賣契並找價賣斷內應產價國幣大洋【壹佰壹拾伍員】足託 民國丙子念伍年二月
83947,pitt:31735066266671,31735066266671_001.html,0,1936,Personal,,price_sale,deed,ok,dollar,115.0,元,大洋,壹佰壹拾伍員,欽瑞處為三面商議時值實價盡根並 找價共賣出大洋番【壹佰壹拾伍員】正其銀 即日全中當面交足
83947,pitt:31735066266671,31735066266671_001.html,1,1936,Personal,,price_sale,deed,ok,dollar,115.0,元,大洋,壹佰壹拾伍元,全中當面實交盡根斷賣契並找價賣斷內應 產價大洋番【壹佰壹拾伍元】正足託 民國丙子念伍年二
83948,pitt:31735066266689,31735066266689_001.html,0,1926,Government,,price_sale,deed,ok,dollar,198.0,元,,壹百玖拾捌員,中寄與 兄文鳳處為業三面言議即日得訖田 根價先番【壹百玖拾捌員】正其銀隨 契交足其田听兄
83950,pitt:31735066266705,31735066266705_001.html,0,1805,Personal,,other,deed,ok,cash,6000.0,文,,陸貫,嘉慶拾貳年八月廿六日入仁標租米法 斗正 黃【陸貫】字
83961,pitt:31735066267448,31735066267448_001.html,0,,Personal,,price_supplement,deed,ok,tael,3.0,兩,洋銀,叁兩,錢應用自己復托原中勸諭向買主劉子祥名下增我字洋銀【叁兩】正戒字之日 壹併交足未久
83961,pitt:31735066267448,31735066267448_001.html,1,,Personal,,price_supplement,deed,ok,tael,3.0,兩,洋銀,叁兩,攸悔今欲有憑立增我字為照 本日實收得增我字內洋銀【叁兩】正足憑 外用中見札洋銀壹
83965,pitt:31735066267489,31735066267489_001.html,0,1928,Government,閩侯（閩縣・侯官・林森）,price_sale,deed,ok,dollar,220.0,元,大洋,貳佰貳拾員,國寶處經三面言議本日將此兩號之 田賣斷出價銀大洋【貳佰貳拾員】正其 銀即日隨契交足其田
83965,pitt:31735066267489,31735066267489_002.html,0,1928,Government,閩侯（閩縣・侯官・林森）,price_sale,deed,ok,dollar,220.0,元,,貳百貳拾元,稅契 買主姓名 張國寶 不動產種類 田 賣 價 【貳百貳拾元】 應納稅額 壹拾叁元貳角
83965,pitt:31735066267489,31735066267489_002.html,1,1928,Government,閩侯（閩縣・侯官・林森）,tax,deed,ok,dollar,13.2,元,,壹拾叁元貳角,不動產種類 田 賣 價 貳百貳拾元 應納稅額 【壹拾叁元貳角】 原契幾張 立契年月日
83967,pitt:31735066267505,31735066267505_001.html,0,1954,Government,東山,price_pawn,deed,ok,dollar,800000.0,元,人民幣,捌拾萬元,議典與本家 陳蕃舊同志就頭永典兩面言議典價人民幣【捌拾萬元】整該費即日親收足訖其等隨
83967,pitt:31735066267505,31735066267505_002.html,0,1954,Government,東山,price_pawn,deed,ok,dollar,800000.0,元,,零千零百捌拾零萬零千零百零拾元,間廳壹間屏後房壹間帶猪寮壹個天井壹塊 典價 零億【零千零百捌拾零萬零千零百零拾元】 繳納稅額 幣民人零千零
83967,pitt:31735066267505,31735066267505_002.html,1,1954,Government,東山,tax,deed,ok,dollar,22000.0,元,,零千零百零拾貳萬貳千零百零十元,零千零百捌拾零萬零千零百零拾元 繳納稅額 幣民人【零千零百零拾貳萬貳千零百零十元】 原所有人 姓名 林清
83967,pitt:31735066267505,31735066267505_004.html,0,1954,Government,東山,price_sale,deed,low,dollar,1279.0,元,人民幣,1279元,陳壽芝 財 政 科 合 計 金額(大寫)人民幣 【1279元】15 備 註 收 入 (
83969,pitt:31735066267521,31735066267521_001.html,0,1934,Government,閩侯（閩縣・侯官・林森）,price_sale,deed,ok,dollar,200.0,元,大洋,貳百員,林學通處永遠為業三面言議本日賣買斷出田價銀 大洋【貳百員】正其銀即日全中隨契璋親手
83969,pitt:31735066267521,31735066267521_002.html,0,1934,Government,閩侯（閩縣・侯官・林森）,fee,deed,ok,dollar,1.0,元,,壹元,未稅之白契，無論典賣及產價多寡，每張祇收驗契費銀【壹元】，經此驗契，粘有驗契證者
83969,pitt:31735066267521,31735066267521_002.html,1,1934,Government,閩侯（閩縣・侯官・林森）,price_sale,deed,ok,dollar,200.0,元,,貳百元,分則 壹畝 玖分 捌釐 賦額 地丁 糧米 產價 【貳百元】 賣主姓名 林述璋 中證
83969,pitt:31735066267521,31735066267521_002.html,2,1934,Government,閩侯（閩縣・侯官・林森）,fee,deed,ok,dollar,1.0,元,,壹圓,或 鄉長簽名蓋章 此種未稅契驗契證每征收驗契費銀【壹圓】正 閩侯縣三 此張填給業
83971,pitt:31735066267539,31735066267539_001.html,0,1953,Government,晉江,price_sale,deed,ok,dollar,25.0,元,,貳拾伍元,路 北仔路 立 契 日 期 五十八 屋 貳 價 【貳拾伍元】 監 證 人 簽 名 蓋
83972,pitt:31735066267547,31735066267547_001.html,0,1947,Government,東山,price_sale,deed,ok,dollar,1000000.0,元,國幣,壹佰萬元,外 托中招得族叔黃煌就頭承典三面言議甘出時價國幣【壹佰萬元】正其幣即日 全中親收足訖
83972,pitt:31735066267547,31735066267547_001.html,1,1947,Government,東山,price_sale,deed,ok,dollar,1000000.0,元,國幣,壹佰萬元,典契人黃榮森 代書人曾筠 即日全中親收過契內國幣【壹佰萬元】正完足再照 立認典契人族
83972,pitt:31735066267547,31735066267547_001.html,2,1947,Government,東山,price_sale,deed,ok,dollar,1000000.0,元,國幣,壹佰萬元,瓦厝壹座址在 草厝頂間格及四至載明典契內契價國幣【壹佰萬元】契限至伍年終 銀便之日贖
83972,pitt:31735066267547,31735066267547_002.html,0,1947,Government,東山,price_sale,deed,ok,dollar,249000.0,元,,零千零百貳拾肆萬玖千元,屏後房壹間，帶巷路 (天井壹所共用) 幣人 零億【零千零百貳拾肆萬玖千元】 幣人 零千零百零拾零萬
83972,pitt:31735066267547,31735066267547_002.html,1,1947,Government,東山,price_sale,deed,ok,dollar,17170.0,元,,零千零百零拾零萬柒千百柒拾元,共用) 幣人 零億零千零百貳拾肆萬玖千元 幣人 【零千零百零拾零萬柒千百柒拾元】 原所有人 姓名 等級
83973,pitt:31735066267554,31735066267554_001.html,0,1943,Government,東山,price_sale,deed,ok,dollar,500.0,元,國幣,伍佰員,，招得本縣沈秀清，就頭承典，三面言議，甘出國幣銀【伍佰員】正，其銀即日全中親收足訖
83973,pitt:31735066267554,31735066267554_001.html,1,1943,Government,東山,price_sale,deed,ok,dollar,500.0,元,國幣,伍佰元,書林啟昌認 (1093) 即日全中親收契內國幣銀【伍佰元】正完足再照
83973,pitt:31735066267554,31735066267554_002.html,0,1943,Government,東山,price_sale,deed,ok,dollar,62002.0,元,,零千零百零拾陸萬貳千貳元,用厝中 房連間伙食房連厝二門路公用 人 幣 零億【零千零百零拾陸萬貳千貳元】 人 幣 零千零百零拾零
83973,pitt:31735066267554,31735066267554_002.html,1,1943,Government,東山,price_sale,deed,ok,dollar,12000.0,元,,零千零百零拾零萬貳千零百零拾元,人 幣 零億零千零百零拾陸萬貳千貳元 人 幣 【零千零百零拾零萬貳千零百零拾元】 原所有人 姓名 等級
83974,pitt:31735066267562,31735066267562_001.html,0,1953,Government,晉江,price_sale,deed,ok,dollar,27.0,元,,貳拾柒元,人 簽 名 蓋 章 石之軍 施性德 屋 貳 價 【貳拾柒元】 監 證 人 簽 名 蓋
83975,pitt:31735066267570,31735066267570_001.html,0,1935,Government,晉江,price_sale,deed,ok,dollar,69.0,元,大洋|洋銀,陸拾九元,據遺失奉催驗契不敢隱匿特 此契按照時價估值大洋銀【陸拾九元】正遵章投驗如有偽冒不 實
83976,pitt:31735066267588,31735066267588_001.html,0,1910,Government,閩侯（閩縣・侯官・林森）,price_sale,deed,ok,cash,90000.0,文,,玖拾仟文,賣斷 李學子壹實為業三面言議本日賣斷出 田根價錢【玖拾仟文】正其錢即日收足其 其田永
83976,pitt:31735066267588,31735066267588_002.html,0,1910,Government,閩侯（閩縣・侯官・林森）,price_sale,deed,ok,dollar,90.0,元,,玖拾元,橫 大 尺直 大 業已 尺邀同中證王昌厚議定價銀【玖拾元】 依限投稅應納稅銀 叁元
83976,pitt:31735066267588,31735066267588_002.html,1,1910,Government,閩侯（閩縣・侯官・林森）,tax,deed,ok,dollar,3.0,元,,叁元,邀同中證王昌厚議定價銀玖拾元 依限投稅應納稅銀 【叁元】 如數收訖合填契單粘連原
83977,pitt:31735066267596,31735066267596_001.html,0,1925,Government,永泰（永福）,price_sale,deed,ok,tael,150.0,兩,,壹佰伍拾兩,全之田送賣與 金信江慶永遠為實業三面言議時值價銀【壹佰伍拾兩】 正每兩年折錢捌佰文扣其
83977,pitt:31735066267596,31735066267596_001.html,1,1925,Government,永泰（永福）,rate,deed,ok,cash,800.0,文,,捌佰文,遠為實業三面言議時值價銀壹佰伍拾兩 正每兩年折錢【捌佰文】扣其銀即日交訖其底面全之
83977,pitt:31735066267596,31735066267596_002.html,0,1925,Government,永泰（永福）,tax,deed,ok,dollar,1000.0,元,國幣,壹仟零〇〇元,至 房 地 南 北 屋 山 分 田賦稅額 國幣 【壹仟零〇〇元】 元 角 分 絲 出賣人
83977,pitt:31735066267596,31735066267596_003.html,0,1925,Government,永泰（永福）,price_sale,deed,ok,dollar,150.0,元,,壹百伍拾元,除分別掣發繳查存根外合掣收據付憑 計開 賣 價 【壹百伍拾元】 應納稅額 壹拾伍元 應
83977,pitt:31735066267596,31735066267596_003.html,1,1925,Government,永泰（永福）,tax,deed,ok,dollar,15.0,元,,壹拾伍元,掣收據付憑 計開 賣 價 壹百伍拾元 應納稅額 【壹拾伍元】 應報產價成數 附加縣小
83980,pitt:31735066267620,31735066267620_001.html,0,1889,Personal,閩侯（閩縣・侯官・林森）,price_sale,deed,ok,tael,10.0,兩,足色|大錠,壹拾兩,與 高 處永遠為業三面言議本日賣斷得屋地價鏡銀 【壹拾兩】正庫磁大錠白足色足兌其銀
83981,pitt:31735066267638,31735066267638_001.html,0,,Government,閩侯（閩縣・侯官・林森）,price_sale,deed,ok,dollar,700.0,元,台伏,柒百員,座託中統典與 吳右巖處為業三言議本日出牆屋價台伏【柒百員】正外加修理銀水貳拾壹員合
83981,pitt:31735066267638,31735066267638_001.html,1,,Government,閩侯（閩縣・侯官・林森）,price_sale,deed,ok,dollar,21.0,元,台伏,貳拾壹員,處為業三言議本日出牆屋價台伏柒百員正外加修理銀水【貳拾壹員】合共柒百貳拾壹員正其 伏
83981,pitt:31735066267638,31735066267638_001.html,2,,Government,閩侯（閩縣・侯官・林森）,price_sale,deed,ok,dollar,721.0,元,台伏,柒百貳拾壹員,本日出牆屋價台伏柒百員正外加修理銀水貳拾壹員合共【柒百貳拾壹員】正其 伏即日親手全弟姪在
83986,pitt:31735066267679,31735066267679_001.html,0,1949,Government,東山,price_sale,deed,ok,dollar,30.0,元,,叁拾圓,外即托中格得奔東山余龜溪款頭承曲三面言議甘出大銀【叁拾圓】正其銀即日全中親收足訖此
83986,pitt:31735066267679,31735066267679_001.html,1,1949,Government,東山,price_sale,deed,ok,dollar,30.0,元,,叁拾圓,午年正月廿二日 中人並代筆許揚 即日全中親收大銀【叁拾圓】
83987,pitt:31735066267687,31735066267687_001.html,0,,Personal,,price_sale,deed,ok,tael,13.0,兩,,壹拾叁兩,典契 王志拔原父手置閣分而下於乾隆陸拾年閏用價銀【壹拾叁兩】買斷得陳林氏屋地壹所起蓋
83987,pitt:31735066267687,31735066267687_001.html,1,,Personal,,price_sale,deed,ok,tael,120.0,兩,,壹百貳拾兩,屋地壹所起蓋肆柱店向去樹又於嘉慶壹拾年閏又用價銀【壹百貳拾兩】得店後史尚才伍伍厝屋壹進
83987,pitt:31735066267687,31735066267687_001.html,2,,Personal,,price_sale,deed,ok,tael,22.0,兩,,貳拾貳兩,至江又於道光元年拾貳月周史尚才又向拔燬新出至實銀【貳拾貳兩】壹厝壹耳至江又於道光元年
83987,pitt:31735066267687,31735066267687_001.html,3,,Personal,,price_sale,deed,ok,tael,200.0,兩,,貳百兩,店屋化中壹起統典與陳慶為業及面議定本日得訖屋價銀【貳百兩】正改廣外加修理銀壹拾兩共
83987,pitt:31735066267687,31735066267687_001.html,4,,Personal,,price_supplement,deed,ok,tael,10.0,兩,,壹拾兩,為業及面議定本日得訖屋價銀貳百兩正改廣外加修理銀【壹拾兩】共成銀叁百壹拾兩正改廣其
83987,pitt:31735066267687,31735066267687_001.html,5,,Personal,,price_sale,deed,ok,tael,310.0,兩,,叁百壹拾兩,本日得訖屋價銀貳百兩正改廣外加修理銀壹拾兩共成銀【叁百壹拾兩】正改廣其銀即日當場收足其
83987,pitt:31735066267687,31735066267687_001.html,6,,Personal,,rate,deed,ok,cash,1000.0,文,,壹千文,註係字古字共成肆字再標照舊 而約贖屋之日每兩折成【壹千文】概用下杭街錢店銀票標照舊
83988,pitt:31735066267695,31735066267695_001.html,0,1939,Government,永泰（永福）,price_sale,deed,ok,cash,60600.0,文,,陸拾仟陸佰文,今因乏用托中送賣吊 林施裕處為業三面言議時值價錢【陸拾仟陸佰文】正其 錢即日交訖其底面全
83988,pitt:31735066267695,31735066267695_002.html,0,1939,Government,永泰（永福）,tax,deed,ok,dollar,68.6,元,,陸拾捌元六角,) 典價 上手原契 應納稅銀 賦額 等則 分貳 【陸拾捌元六角】 拾壹元 陸角玖分正 壹
83988,pitt:31735066267695,31735066267695_002.html,1,1939,Government,永泰（永福）,fee,regulation,ok,dollar,3.0,元,,三元,，但因遺失而補領者，每張應另處六倍契紙費之罰金（【三元】），如係填寫錯誤或其他事
83988,pitt:31735066267695,31735066267695_002.html,2,1939,Government,永泰（永福）,fee,regulation,ok,dollar,1.0,元,,一元,原契紙繳銷而補領者，每張應另處二倍契紙費之罰金（【一元】），於補領契紙時繳納。
83989,pitt:31735066267703,31735066267703_002.html,0,1921,Government,閩侯（閩縣・侯官・林森）,price_sale,regulation,ok,dollar,40.0,元,,肆拾元,要 買主姓名 張經炎 不動產種類 屯田 賣 價 【肆拾元】 應納稅額 貳元肆角 原
83989,pitt:31735066267703,31735066267703_002.html,1,1921,Government,閩侯（閩縣・侯官・林森）,tax,deed,ok,dollar,2.4,元,,貳元肆角,炎 不動產種類 屯田 賣 價 肆拾元 應納稅額 【貳元肆角】 原契幾張 立契年月日
83989,pitt:31735066267703,31735066267703_002.html,2,1921,Government,閩侯（閩縣・侯官・林森）,fee,regulation,ok,dollar,5.0,元,,五元,一 賣主或出典人以私紙訂立契約者得由徵稅官署處以【五元】以上五十元以下之罰金 一
83989,pitt:31735066267703,31735066267703_002.html,3,1921,Government,閩侯（閩縣・侯官・林森）,fee,regulation,ok,dollar,50.0,元,,五十元,或出典人以私紙訂立契約者得由徵稅官署處以五元以上【五十元】以下之罰金 一 逾限未稅
83991,pitt:31735066267729,31735066267729_001.html,0,1678,Government,,price_sale,deed,ok,tael,18.0,兩,,拾捌兩,拘抵還自願私中將破屋竹山統賣與 楊元吉等賣銀價銀【拾捌兩】正其銀水九 五色頂九五平
83992,pitt:31735066267737,31735066267737_001.html,0,1869,Personal,,price_sale,deed,ok,tael,8.0,兩,洋銀,捌兩,程金寶名下邊為業當日三面言議賣得土風時直契價洋銀【捌兩】正足 成契之日一頓交足不
83992,pitt:31735066267737,31735066267737_001.html,1,1869,Personal,,price_sale,deed,ok,tael,8.0,兩,洋銀,捌兩,字二个契一个當日批明 當日實交得土風時直契價洋銀【捌兩】正足 同治捌年 十二月日
83993,pitt:31735066267745,31735066267745_002.html,0,1952,Government,東山,tax,regulation,ok,dollar,27000.0,元,,零千零拾貳萬柒千零百零拾元,東契字第 號實完稅額 【零千零拾貳萬柒千零百零拾元】整 契稅暫行條例 (一九
83993,pitt:31735066267745,31735066267745_002.html,1,1952,Government,東山,price_sale,deed,ok,dollar,900000.0,元,,零千零百九拾零萬零千元,邊 監證人 簽名蓋章 街長陳壽卿 人 人 幣零億【零千零百九拾零萬零千元】 人 人 幣零千零百零拾
83993,pitt:31735066267745,31735066267745_002.html,2,1952,Government,東山,price_sale,deed,ok,dollar,27000.0,元,,零千零百零拾貳萬柒千零百零拾元,人 人 幣零億零千零百九拾零萬零千元 人 人 幣【零千零百零拾貳萬柒千零百零拾元】 人 人 幣零千零百零拾
83993,pitt:31735066267745,31735066267745_002.html,3,1952,Government,東山,price_sale,deed,ok,dollar,27000.0,元,,零千零百零拾貳萬柒千零百零拾元,人 幣零千零百零拾貳萬柒千零百零拾元 人 人 幣【零千零百零拾貳萬柒千零百零拾元】 人 人 幣零千零百零拾
83993,pitt:31735066267745,31735066267745_002.html,4,1952,Government,東山,price_sale,deed,ok,dollar,27000.0,元,,零千零百零拾貳萬柒千零百零拾元,人 幣零千零百零拾貳萬柒千零百零拾元 人 人 幣【零千零百零拾貳萬柒千零百零拾元】 公元一九五二年七月 東
83995,pitt:31735066267760,31735066267760_001.html,0,1916,Government,閩清,price_sale,deed,ok,cash,10000.0,文,,拾仟文,托中典與 兄長忠處為業三面言議即日得訖田價錢伍 【拾仟文】正其錢隨契交足其田听兄離
83995,pitt:31735066267760,31735066267760_002.html,0,1916,Government,閩清,price_sale,deed,ok,dollar,50.0,元,,伍拾元,至西至北至坐 向橫大尺直大尺邀同中證長芹議定價銀【伍拾元】 依限投稅應納稅銀貳元業
83995,pitt:31735066267760,31735066267760_002.html,1,1916,Government,閩清,tax,deed,ok,dollar,2.0,元,,貳元,大尺邀同中證長芹議定價銀伍拾元 依限投稅應納稅銀【貳元】業已如數收訖合填契單粘連
83998,pitt:31735066267794,31735066267794_002.html,0,1949,Government,東山,price_sale,deed,ok,dollar,752000.0,元,,零千零百柒拾五萬貳千元,房共牆 平房壹間并半樓另配天井水井公用 人幣零億【零千零百柒拾五萬貳千元】 人幣零千零百零貳萬貳千
83998,pitt:31735066267794,31735066267794_002.html,1,1949,Government,東山,price_sale,deed,ok,dollar,22000.0,元,,零千零百零貳萬貳千零拾元,井水井公用 人幣零億零千零百柒拾五萬貳千元 人幣【零千零百零貳萬貳千零拾元】 原所有人 段別 上手原
83999,pitt:31735066267802,31735066267802_001.html,0,1854,Government,閩侯（閩縣・侯官・林森）,price_sale,deed,ok,tael,100.0,兩,,壹百兩,後照 止以省 業戶等 實林厚成等店屋坐落 用價銀【壹百兩】 納銀參兩 布 百玖號右
83999,pitt:31735066267802,31735066267802_001.html,1,1854,Government,閩侯（閩縣・侯官・林森）,price_sale,deed,ok,tael,3.0,兩,,參兩,業戶等 實林厚成等店屋坐落 用價銀壹百兩 納銀【參兩】 布 百玖號右 侯官縣
83999,pitt:31735066267802,31735066267802_002.html,0,1854,Government,閩侯（閩縣・侯官・林森）,fee,regulation,ok,dollar,1.0,元,,壹元,等因奉此當經擬定分別徵收方法已稅之舊契每張收紙價【壹元】未稅之舊契每產價百元收紙
83999,pitt:31735066267802,31735066267802_002.html,1,1854,Government,閩侯（閩縣・侯官・林森）,price_sale,regulation,ok,dollar,100.0,元,,百元,徵收方法已稅之舊契每張收紙價壹元未稅之舊契每產價【百元】收紙價壹元其光復後新契已
83999,pitt:31735066267802,31735066267802_002.html,2,1854,Government,閩侯（閩縣・侯官・林森）,fee,regulation,ok,dollar,1.0,元,,壹元,稅之舊契每張收紙價壹元未稅之舊契每產價百元收紙價【壹元】其光復後新契已稅者不收紙
84002,pitt:31735066267828,31735066267828_001.html,0,1886,Government,閩侯（閩縣・侯官・林森）,price_sale,deed,ok,tael,65.0,兩,紋廣,陸拾伍兩,賣斷與 許大華處永遠為業三面言議本日得訖賣斷價銀【陸拾伍兩】正其紋廣銀即日收足其田根
84002,pitt:31735066267828,31735066267828_002.html,0,1886,Government,閩侯（閩縣・侯官・林森）,fee,regulation,ok,dollar,1.0,元,,壹元,戒等因奉此當經擬定分別徵收方法已稅之舊契每收紙價【壹元】未稅之舊契每產價百元收紙
84002,pitt:31735066267828,31735066267828_002.html,1,1886,Government,閩侯（閩縣・侯官・林森）,price_sale,regulation,ok,dollar,100.0,元,,百元,別徵收方法已稅之舊契每收紙價壹元未稅之舊契每產價【百元】收紙價壹元其光復後新契已
84002,pitt:31735066267828,31735066267828_002.html,2,1886,Government,閩侯（閩縣・侯官・林森）,fee,regulation,ok,dollar,1.0,元,,壹元,已稅之舊契每收紙價壹元未稅之舊契每產價百元收紙價【壹元】其光復後新契已稅者不收紙
84002,pitt:31735066267828,31735066267828_002.html,3,1886,Government,閩侯（閩縣・侯官・林森）,price_sale,deed,ok,tael,65.0,兩,,陸拾伍兩,北至 坐向橫 大 尺直 大 尺中 證林天送原價銀【陸拾伍兩】申銀玖拾伍元原契未稅遵章
84002,pitt:31735066267828,31735066267828_002.html,4,1886,Government,閩侯（閩縣・侯官・林森）,price_sale,deed,ok,dollar,95.0,元,,玖拾伍元,大 尺直 大 尺中 證林天送原價銀陸拾伍兩申銀【玖拾伍元】原契未稅遵章依限呈驗應納
84002,pitt:31735066267828,31735066267828_002.html,5,1886,Government,閩侯（閩縣・侯官・林森）,fee,deed,ok,dollar,1.0,元,,壹元,陸拾伍兩申銀玖拾伍元原契未稅遵章依限呈驗應納紙價【壹元】業已如數收訖合填契單粘連
84003,pitt:31735066267836,31735066267836_001.html,0,1909,Government,,price_sale,deed,ok,tael,20.0,兩,,貳拾兩,中引到 胞弟尚 然 處諸面言議賣斷得出田價紋唐銀【貳拾兩】正其 銀即日親手收足其日
84004,pitt:31735066267844,31735066267844_001.html,0,1782,Personal,,price_sale,deed,ok,tael,10.0,兩,,拾兩,用將此根面全田繳典與 姪欽密 處三面言議典出價銀【拾兩】正收其 銀即日交足其田所
84005,pitt:31735066267851,31735066267851_001.html,0,1903,Personal,,price_sale,deed,ok,tael,45.0,兩,,肆拾伍兩,併荒田 統繳典與 程貞雨處為業三面言議繳典出價銀【肆拾伍兩】正攷廣其銀 即日收足其田
84005,pitt:31735066267851,31735066267851_001.html,1,1903,Personal,,redemption,deed,ok,cash,850.0,文,銅錢,捌百伍拾文,滿之日叶林 備價照契面銀兩依期取贖每 兩銀折銅錢【捌百伍拾文】算雨不得執留倘有原主取贖
84006,pitt:31735066267869,31735066267869_001.html,0,1929,Government,閩侯（閩縣・侯官・林森）,price_sale,deed,ok,dollar,30.0,元,,叁拾元,月日 民國十八年十月 上手原契幾張 該產價銀 書【叁拾元】 該契稅銀 叁元玖角 廳
84006,pitt:31735066267869,31735066267869_001.html,1,1929,Government,閩侯（閩縣・侯官・林森）,tax,deed,ok,dollar,3.9,元,,叁元玖角,月 上手原契幾張 該產價銀 書叁拾元 該契稅銀 【叁元玖角】 廳頒賣契氏 縣
84008,pitt:31735066267885,31735066267885_001.html,0,1858,Government,,price_sale,deed,ok,cash,130000.0,文,銅錢,壹百叁拾千文,參鄉賣與與堂兄 士慶處永遠為業三面議定南衙銅錢票【壹百叁拾千文】正其錢即 日收足其田永听
84009,pitt:31735066267893,31735066267893_001.html,0,1887,Government,閩侯（閩縣・侯官・林森）,price_sale,deed,ok,tael,200.0,兩,足色,貳百兩,中情息典與 陳必清為業三面言議今日典出牆屋價贖銀【貳百兩】正 庫底大礙白足色足兌其
84009,pitt:31735066267893,31735066267893_001.html,1,1887,Government,閩侯（閩縣・侯官・林森）,price_sale,deed,ok,tael,4.0,兩,,肆兩,限滿之日聽清備契 面銀兩照原價贖回外再加修理銀水【肆兩】正如有逾 限未贖聽買主泉
84010,pitt:31735066267901,31735066267901_001.html,0,1888,Government,閩侯（閩縣・侯官・林森）,price_sale,deed,ok,tael,98.0,兩,足色|大錠,玖拾捌兩,泉處永遠為業二面言議今日永遠賣斷出屋 牆厝價鏡銀【玖拾捌兩】正庫法大錠白足色足兌其
84011,pitt:31735066267919,31735066267919_001.html,0,1913,Government,閩侯（閩縣・侯官・林森）,fee,regulation,ok,dollar,1.0,元,,壹元,等因奉此當經擬定分別徵收方法已稅之舊契每張收紙價【壹元】未稅之舊契每產價百元收紙
84011,pitt:31735066267919,31735066267919_001.html,1,1913,Government,閩侯（閩縣・侯官・林森）,price_sale,regulation,ok,dollar,100.0,元,,百元,徵收方法已稅之舊契每張收紙價壹元未稅之舊契每產價【百元】收紙價壹元其光復後新契已
84011,pitt:31735066267919,31735066267919_001.html,2,1913,Government,閩侯（閩縣・侯官・林森）,fee,regulation,ok,dollar,1.0,元,,壹元,稅之舊契每張收紙價壹元未稅之舊契每產價百元收紙價【壹元】其光復後新契已稅者不收紙
84011,pitt:31735066267919,31735066267919_001.html,3,1913,Government,閩侯（閩縣・侯官・林森）,price_sale,deed,ok,tael,302.0,兩,,叁百零貳兩,地方東至西至北至坐向橫大尺直大尺中證劉志潮原價銀【叁百零貳兩】申銀肆百肆拾肆元原契已稅
84011,pitt:31735066267919,31735066267919_001.html,4,1913,Government,閩侯（閩縣・侯官・林森）,price_sale,deed,ok,dollar,444.0,元,,肆百肆拾肆元,至坐向橫大尺直大尺中證劉志潮原價銀叁百零貳兩申銀【肆百肆拾肆元】原契已稅遵章依限呈驗應納
84011,pitt:31735066267919,31735066267919_001.html,5,1913,Government,閩侯（閩縣・侯官・林森）,fee,deed,ok,dollar,1.0,元,,壹元,貳兩申銀肆百肆拾肆元原契已稅遵章依限呈驗應納紙價【壹元】業已如數收訖合填契單粘連
84013,pitt:31735066267935,31735066267935_001.html,0,1947,Government,閩侯（閩縣・侯官・林森）,rate,deed,ok,dollar,4.22,元,國幣,四元二角二分,占有契稅為百分之十五 (二)契紙工本費每張納國幣【四元二角二分】 (三)完納契稅期間 1
84014,pitt:31735066267943,31735066267943_001.html,0,1924,Government,古田,rate,deed,ok,dollar,1.0,元,大洋,壹元,奉 今自拾貳年拾月 二十日起契紙加收 善後捐大洋【壹元】正 買主姓名 子秀 不動
84014,pitt:31735066267943,31735066267943_001.html,1,1924,Government,古田,price_sale,deed,ok,tael,20.0,兩,,貳拾兩,元正 買主姓名 子秀 不動產種類 民田 賣 價 【貳拾兩】正 應納稅額 叁元 原與
84014,pitt:31735066267943,31735066267943_001.html,2,1924,Government,古田,tax,deed,ok,dollar,3.0,元,,叁元,不動產種類 民田 賣 價 貳拾兩正 應納稅額 【叁元】 原與幾張 立契年月日
84014,pitt:31735066267943,31735066267943_001.html,3,1924,Government,古田,fee,regulation,ok,dollar,5.0,元,,五元,一 賣主或出典人以私紙訂立契約者得由徵稅官署處以【五元】以上五十元以下之罰金 一
84014,pitt:31735066267943,31735066267943_001.html,4,1924,Government,古田,fee,regulation,ok,dollar,50.0,元,,五十元,或出典人以私紙訂立契約者得由徵稅官署處以五元以上【五十元】以下之罰金 一 逾限未稅
84019,pitt:31735066268040,31735066268040_002.html,0,1869,Government,古田,loan,deed,ok,cash,4000.0,文,,肆仟文,無錢應用自情愿央托中向在本鄉陸處 元盛邊當借出錢【肆仟文】本正全中三面 言議利息加
84023,pitt:31735068223308,31735068223308_001.html,0,1889,Personal,閩侯（閩縣・侯官・林森）,price_sale,deed,ok,tael,4.0,兩,,肆兩,與 鄧道明愛永遠為業三面言議即日得訖賣西厝屋 於【肆兩】正級黃其銀即日收足其厝屋
84024,pitt:31735068223316,31735068223316_001.html,0,1900,Personal,,price_sale,deed,ok,tael,4.0,兩,庫平,肆兩,舍處永遠為業 有日三面言像賣與等 屋供庫平銀事於【肆兩】正即日隨契收足其厝所憑
84027,pitt:31735068223357,31735068223357_001.html,0,1910,Personal,閩侯（閩縣・侯官・林森）,price_sale,deed,ok,cash,148000.0,文,,壹百肆拾捌千文,氏 弟輝揚 方子啟處為業三面言議本日典出田根價錢【壹百肆拾捌千文】其錢即日全中見收清其田即
84028,pitt:31735068223365,31735068223365_001.html,0,1913,Government,永泰（永福）,fee,regulation,ok,dollar,1.0,元,,壹元,等因奉此當經擬定分別徵收方法已稅之舊契每張收紙價【壹元】未稅之舊契每產價百元收紙
84028,pitt:31735068223365,31735068223365_001.html,1,1913,Government,永泰（永福）,price_sale,regulation,ok,dollar,100.0,元,,百元,徵收方法已稅之舊契每張收紙價壹元未稅之舊契每產價【百元】收紙價壹元其光復後新契已
84028,pitt:31735068223365,31735068223365_001.html,2,1913,Government,永泰（永福）,fee,regulation,ok,dollar,1.0,元,,壹元,稅之舊契每張收紙價壹元未稅之舊契每產價百元收紙價【壹元】其光復後新契已稅者不收紙
84028,pitt:31735068223365,31735068223365_001.html,3,1913,Government,永泰（永福）,fee,deed,ok,dollar,1.0,元,,壹元,壹紙座價 元坐落四至原契已載明白遵章呈驗應納紙價【壹元】 角註冊費壹角附加教育費
84029,pitt:31735068223373,31735068223373_001.html,0,1918,Personal,閩侯（閩縣・侯官・林森）,price_sale,deed,ok,cash,2.0,文,,貳文,不涉吳家之事兩相允息各無翻悔今欲有憑立湊賣斷契 【貳文】四尺零橫潤四丈柒尺零湊接
84029,pitt:31735068223373,31735068223373_002.html,0,1918,Personal,閩侯（閩縣・侯官・林森）,price_sale,regulation,ok,dollar,700.0,元,,柒百元,主姓名 吳右巖 不動產種類 牆屋 賣價 原曲已稅【柒百元】湊斷叁百元 應納稅額 叁
84029,pitt:31735068223373,31735068223373_002.html,1,1918,Personal,閩侯（閩縣・侯官・林森）,price_supplement,deed,ok,dollar,300.0,元,,叁百元,右巖 不動產種類 牆屋 賣價 原曲已稅柒百元湊斷【叁百元】 應納稅額 叁拾玖元 立
84029,pitt:31735068223373,31735068223373_002.html,2,1918,Personal,閩侯（閩縣・侯官・林森）,tax,deed,ok,dollar,39.0,元,,叁拾玖元,牆屋 賣價 原曲已稅柒百元湊斷叁百元 應納稅額 【叁拾玖元】 立契年月日 民國七年九
84029,pitt:31735068223373,31735068223373_002.html,3,1918,Personal,閩侯（閩縣・侯官・林森）,fee,regulation,ok,dollar,5.0,元,,五元,一 賣主或出典人以私紙訂立契約者得由徵稅官署處以【五元】以上五十元以下之罰金 一
84029,pitt:31735068223373,31735068223373_002.html,4,1918,Personal,閩侯（閩縣・侯官・林森）,fee,regulation,ok,dollar,50.0,元,,五十元,或出典人以私紙訂立契約者得由徵稅官署處以五元以上【五十元】以下之罰金 一 逾限未稅
84030,pitt:31735068223381,31735068223381_001.html,0,1923,Personal,永泰（永福）,price_sale,deed,ok,cash,64500.0,文,,陸拾肆仟零伍佰文,願託中將此佃田賣出 西房平處為業三面言議時值價銀【陸拾肆仟零伍佰文】正其價即日交足其佃田即付
84030,pitt:31735068223381,31735068223381_001.html,1,1923,Personal,永泰（永福）,price_sale,regulation,ok,dollar,65.0,元,,陸拾伍元,分別通令布告遵照在案 查戶西房平處不執契契紙產價【陸拾伍元】坐落四至原契已載明白 章
84030,pitt:31735068223381,31735068223381_001.html,2,1923,Personal,永泰（永福）,fee,deed,ok,dollar,3.99,元,,叁元玖角玖分,產價陸拾伍元坐落四至原契已載明白 章呈驗應納紙價【叁元玖角玖分】註冊費壹角附加教育費壹角
84030,pitt:31735068223381,31735068223381_002.html,0,1923,Personal,永泰（永福）,price_sale,deed,ok,cash,64500.0,文,,陸拾肆仟零伍佰文,願託中將此佃田賣與 西房平處為業三面言議時值價錢【陸拾肆仟零伍佰文】正其畝即日交足其佃田即付
84030,pitt:31735068223381,31735068223381_002.html,1,1923,Personal,永泰（永福）,price_sale,regulation,ok,dollar,5.0,元,,伍元,別通令布告遵照在案茲查賣戶西房長泰號承辦之契係係【伍元】坐落四里原契已載明白通章
84031,pitt:31735068223399,31735068223399_001.html,0,1924,Government,閩侯（閩縣・侯官・林森）,fee,regulation,ok,dollar,5.0,元,,五元,一 賣主或出典人以私紙訂立契約者得由徵稅官署處以【五元】以上五十元以下之罰金 一
84031,pitt:31735068223399,31735068223399_001.html,1,1924,Government,閩侯（閩縣・侯官・林森）,fee,regulation,ok,dollar,50.0,元,,五十元,或出典人以私紙訂立契約者得由徵稅官署處以五元以上【五十元】以下之罰金 一 逾限未親
84031,pitt:31735068223399,31735068223399_001.html,2,1924,Government,閩侯（閩縣・侯官・林森）,price_sale,regulation,ok,dollar,1.255,元,,壹元貳角伍分伍厘,令布告遵照在案茲據業戶 陳軍漢呈繳已稅契壹紙產價【壹元貳角伍分伍厘】坐落四至原契已載明白遵章
84031,pitt:31735068223399,31735068223399_001.html,3,1924,Government,閩侯（閩縣・侯官・林森）,fee,deed,ok,dollar,1.5,元,,壹元伍角,角伍分伍厘坐落四至原契已載明白遵章呈驗應 納紙價【壹元伍角】註冊費壹角附加教育費貳角
84033,pitt:31735068223407,31735068223407_001.html,0,1927,Government,永泰（永福）,price_sale,deed,ok,dollar,28.0,元,,貳拾捌元,政廳 給證事查得 鄉業戶陳兆和由陳兆清得 分產價【貳拾捌元】其契 馬耳地方 屋 號葉
84033,pitt:31735068223407,31735068223407_001.html,1,1927,Government,永泰（永福）,fee,regulation,ok,dollar,5.0,元,,五元,一 賣主或出典人以私紙訂立契約者得由徵稅官署處以【五元】以上五十元以下之罰金 一
84033,pitt:31735068223407,31735068223407_001.html,2,1927,Government,永泰（永福）,fee,regulation,ok,dollar,50.0,元,,五十元,或出典人以私紙訂立契約者得由徵稅官署處以五元以上【五十元】以下之罰金 一 逾限未稅
84034,pitt:31735068223415,31735068223415_001.html,0,1929,Government,閩侯（閩縣・侯官・林森）,fee,deed,ok,dollar,1.0,元,,壹元,未稅之白契，無論典賣及產價多寡，每張祇收驗契費銀【壹元】，經此驗契，粘有驗契證者
84034,pitt:31735068223415,31735068223415_001.html,1,1929,Government,閩侯（閩縣・侯官・林森）,price_sale,deed,ok,dollar,10.0,元,,拾元,〇 釐 等 則 賦 額 地丁 糧米 產 價 銀【拾元】正 出典主姓名 程道魯
84035,pitt:31735068223423,31735068223423_001.html,0,1929,Personal,閩侯（閩縣・侯官・林森）,fee,regulation,ok,dollar,5.0,元,,五元,一 賣主或出典人以私紙訂立契約者得由徵稅官者處以【五元】以上五十元以下之罰金 一
84035,pitt:31735068223423,31735068223423_001.html,1,1929,Personal,閩侯（閩縣・侯官・林森）,fee,regulation,ok,dollar,50.0,元,,五十元,或出典人以私紙訂立契約者得由徵稅官者處以五元以上【五十元】以下之罰金 一 逾限未稅
84035,pitt:31735068223423,31735068223423_001.html,2,1929,Personal,閩侯（閩縣・侯官・林森）,fee,deed,ok,dollar,1.0,元,,壹元,未稅之白契，無論典賣及產價多寡，每張祇收驗契費銀【壹元】，經此驗契，持有驗契證者
84035,pitt:31735068223423,31735068223423_001.html,3,1929,Personal,閩侯（閩縣・侯官・林森）,price_sale,deed,ok,dollar,5.0,元,,伍員,畝分 畝分 雙 等則 賦額 丁 糧米 產價 銀【伍員】 立契人姓名 陳太記 桂
84035,pitt:31735068223423,31735068223423_001.html,4,1929,Personal,閩侯（閩縣・侯官・林森）,price_sale,deed,ok,dollar,15.0,元,大洋,拾伍員,中向到 本族陳宿清 處三向言議賣斷本日 價錢大洋【拾伍員】正其錢即日交足 其田庚午
84035,pitt:31735068223423,31735068223423_002.html,0,1929,Personal,閩侯（閩縣・侯官・林森）,fee,regulation,ok,dollar,5.0,元,,五元,一 賣主或出典人以私紙訂立契約者得由徵稅官署處以【五元】以上五十元以下之罰金 一
84035,pitt:31735068223423,31735068223423_002.html,1,1929,Personal,閩侯（閩縣・侯官・林森）,fee,regulation,ok,dollar,50.0,元,,五十元,或出典人以私紙訂立契約者得由徵稅官署處以五元以上【五十元】以下之罰金 一 逾限未稅
84035,pitt:31735068223423,31735068223423_002.html,2,1929,Personal,閩侯（閩縣・侯官・林森）,price_sale,deed,ok,dollar,15.0,元,,拾五元,之效力 買主姓名 陳宿清 不動產種類 田 賣價 【拾五元】 應納稅額 拾五元 原契
84035,pitt:31735068223423,31735068223423_002.html,3,1929,Personal,閩侯（閩縣・侯官・林森）,tax,deed,ok,dollar,15.0,元,,拾五元,陳宿清 不動產種類 田 賣價 拾五元 應納稅額 【拾五元】 原契幾張 四至 立契年
84036,pitt:31735068223431,31735068223431_001.html,0,1929,Government,閩侯（閩縣・侯官・林森）,fee,deed,ok,dollar,1.0,元,,壹元,未稅之白契，無論典賣及產價多寡，每張祇收驗契費銀【壹元】，經此驗契，粘有驗契證者
84036,pitt:31735068223431,31735068223431_001.html,1,1929,Government,閩侯（閩縣・侯官・林森）,price_sale,deed,ok,dollar,62.0,元,,陸拾貳元,畝 分 釐 等 則 賦 額 地丁 糧米 產 價 【陸拾貳元】 出典主姓名 陳宿康 中
84036,pitt:31735068223431,31735068223431_002.html,0,1929,Government,閩侯（閩縣・侯官・林森）,price_sale,regulation,ok,dollar,65.304,元,,陸拾伍元三毫四厘,令布告遵照在案茲據業戶陳桂修呈繳未稅賣契壹紙產價【陸拾伍元三毫四厘】原契已載用白單章呈驗應納
84036,pitt:31735068223431,31735068223431_002.html,1,1929,Government,閩侯（閩縣・侯官・林森）,fee,deed,ok,dollar,5.44,元,,伍元肆角肆分,產價陸拾伍元三毫四厘原契已載用白單章呈驗應納紙價【伍元肆角肆分】註冊費壹角附加教育費貳角
84037,pitt:31735068223449,31735068223449_001.html,0,1932,Personal,閩侯（閩縣・侯官・林森）,fee,deed,ok,dollar,1.0,元,,壹元,未稅之白契，無論典賣及產價多寡，每張祇收驗契費銀【壹元】，經此驗契，粘有驗契證者
84037,pitt:31735068223449,31735068223449_001.html,1,1932,Personal,閩侯（閩縣・侯官・林森）,price_sale,deed,ok,dollar,30.0,元,,叁拾員,畝分 畝分 壹 等則 賦額 地丁 糧米 產價 【叁拾員】 業主姓名 陳聖榜 中證
84037,pitt:31735068223449,31735068223449_001.html,2,1932,Personal,閩侯（閩縣・侯官・林森）,price_sale,deed,ok,dollar,30.0,元,大洋,叁拾員,田向 到本房叔陳桂修處言議賣斷出根面全 田價大洋【叁拾員】正其錢即日交訖其田來 年
84037,pitt:31735068223449,31735068223449_002.html,0,1932,Personal,閩侯（閩縣・侯官・林森）,price_sale,deed,ok,dollar,30.0,元,,叁拾元,民國貳拾壹年十二月 中證人姓名 至 該產價銀 【叁拾元】 上手原契幾張 北至 該
84037,pitt:31735068223449,31735068223449_002.html,1,1932,Personal,閩侯（閩縣・侯官・林森）,tax,deed,ok,dollar,1.8,元,,壹元捌角,該產價銀 叁拾元 上手原契幾張 北至 該契稅銀【壹元捌角】 廳頒賣契紙壹元縣天 字
84037,pitt:31735068223449,31735068223449_002.html,2,1932,Personal,閩侯（閩縣・侯官・林森）,price_sale,deed,ok,dollar,1.0,元,,壹元,上手原契幾張 北至 該契稅銀壹元捌角 廳頒賣契紙【壹元】縣天 字第捌百柒拾壹號
84037,pitt:31735068223449,31735068223449_002.html,3,1932,Personal,閩侯（閩縣・侯官・林森）,price_sale,deed,ok,dollar,30.0,元,,叁拾元,民國貳拾壹年十二月 坐落 崩瓏倉厝厝 該產價銀 【叁拾元】 坐落 崩瓏倉厝厝 該契
84037,pitt:31735068223449,31735068223449_002.html,4,1932,Personal,閩侯（閩縣・侯官・林森）,tax,deed,ok,dollar,1.8,元,,壹元捌角,該產價銀 叁拾元 坐落 崩瓏倉厝厝 該契稅銀 【壹元捌角】 坐落 崩瓏倉厝厝 立賣
84037,pitt:31735068223449,31735068223449_002.html,5,1932,Personal,閩侯（閩縣・侯官・林森）,price_sale,deed,ok,dollar,30.0,元,大洋,叁拾員,將此田向到本房叔陳桂修處言議賣斷出根面全田價大洋【叁拾員】正其錢即日交訖其田來年春
