nid,pid,date_raw,year_start,year_end,is_range,nature,unit,geo_status,place_cjk,owner,seller,buyer,owner_n,seller_n,buyer_n,is_lease,place_full,extent,box_folder,title,url,iiif_manifest
83791,pitt:31735064607413,1886,1886,1886,,Government,福清,ok,福建省福清縣,高恭地,,,1,0,0,,福建省福清縣[Fujian Sheng Fuqing Xian],1 item,"Box 2, Folder 60",Owner: 高恭地[GAO Gongdi] -- Place: 福建省福清縣[Fujian Sheng Fuqing Xian] -- Government,https://digital.library.pitt.edu/islandora/object/pitt:31735064607413,https://digital.library.pitt.edu/node/83791/manifest
83792,pitt:31735064607421,1946/1951,1946,1951,Y,Government,福清,ok,福建省福清縣,,張學車,陳書寶 | 張學車,0,1,2,,福建省福清縣 [Fujian Sheng Fuqing Xian],1 item,"Box 4, Folder 173",Seller: 張學車 [ZHANG Xueche] -- Buyer: 陳書寶 [CHEN Shubao] and 張學車 [ZHANG Xueche] -- Place: 福建省福清縣 [Fujian Sheng Fuqing Xian] -- Government,https://digital.library.pitt.edu/islandora/object/pitt:31735064607421,https://digital.library.pitt.edu/node/83792/manifest
83793,pitt:31735064607439,1929,1929,1929,,Government,古田,ok,福建省古田縣,林枝貴,,,1,0,0,,福建省古田縣 [Fujian Sheng Gutian Xian],1 item,"Box 3, Folder 139",Owner: 林枝貴 [LIN Zhigui] -- Place: 福建省古田縣 [Fujian Sheng Gutian Xian] -- Government,https://digital.library.pitt.edu/islandora/object/pitt:31735064607439,https://digital.library.pitt.edu/node/83793/manifest
83794,pitt:31735064607447,1866,1866,1866,,Personal,閩侯（閩縣・侯官・林森）,ok,福建省閩邑,,林春源,,0,1,0,,福建省閩邑 [Fujian Sheng Min Yi],1 item,"Box 1, Folder 41",Seller: 林春源 [LIN Chunyuan] -- Place: 福建省閩邑 [Fujian Sheng Min Yi] -- Personal,https://digital.library.pitt.edu/islandora/object/pitt:31735064607447,https://digital.library.pitt.edu/node/83794/manifest
83795,pitt:31735064607454,1862,1862,1862,,Personal,,unlabeled,,,张华富,,0,1,0,,,1 item,"Box 1, Folder 36",Seller: 张华富 [ZHANG Huafu] -- Personal,https://digital.library.pitt.edu/islandora/object/pitt:31735064607454,https://digital.library.pitt.edu/node/83795/manifest
83796,pitt:31735064607462,1931,1931,1931,,Personal,,unlabeled,,,高天钏,郑祚龙,0,1,1,,,1 item,"Box 3, Folder 142",Seller: 高天钏 [GAO Tianchuan] -- Buyer: 郑祚龙 [ZHENG Zuolong] -- Personal,https://digital.library.pitt.edu/islandora/object/pitt:31735064607462,https://digital.library.pitt.edu/node/83796/manifest
83797,pitt:31735064607470,1887,1887,1887,,Personal,閩侯（閩縣・侯官・林森）,ok,福建省閩縣,,王錦發,王錦枝,0,1,1,,福建省閩縣 [Fujian Sheng Min Xian ],1 item,"Box 2, Folder 63",Seller: 王錦發 [WANG Jinfa] -- Buyer: 王錦枝 [WANG Jinzhi] -- Place: 福建省閩縣 [Fujian Sheng Min Xian ] -- Personal,https://digital.library.pitt.edu/islandora/object/pitt:31735064607470,https://digital.library.pitt.edu/node/83797/manifest
83798,pitt:31735064607488,1890,1890,1890,,Government,閩侯（閩縣・侯官・林森）,ok,福建省閩邑縣,,吳開成,陳氏,0,1,1,,福建省閩邑（縣） [Fujian Sheng Min Xian],1 item,"Box 2, Folder 71",Seller: 吳開成 [WU Kaicheng] -- Buyer: 陳氏 [Chenshi] -- Place: 福建省閩邑（縣） [Fujian Sheng Min Xian] -- Government,https://digital.library.pitt.edu/islandora/object/pitt:31735064607488,https://digital.library.pitt.edu/node/83798/manifest
83799,pitt:31735064607496,1900,1900,1900,,Government,閩侯（閩縣・侯官・林森）,ok,福建省閩邑縣,,鄒允春,和意軒老人會,0,1,1,,福建省閩邑（縣） [Fujian Sheng Min Xian ],1 item,"Box 2, Folder 82",Seller: 鄒允春 [ZOU Yunchun] -- Buyer: 和意軒老人會 [Heyixuan Laorenhui] -- Place: 福建省閩邑（縣） [Fujian Sheng Min Xian ] -- Government,https://digital.library.pitt.edu/islandora/object/pitt:31735064607496,https://digital.library.pitt.edu/node/83799/manifest
83801,pitt:31735064607504,1918,1918,1918,,Government,閩侯（閩縣・侯官・林森）,ok,福建省閩侯縣,,陳燦祥,吳,0,1,1,,福建省閩侯縣 [Fujian Sheng Minhou Xian ],1 item,"Box 2, Folder 108",Seller: 陳燦祥 [CHEN Canxiang] -- Buyer: 吳 [WU] -- Place: 福建省閩侯縣 [Fujian Sheng Minhou Xian ] -- Government,https://digital.library.pitt.edu/islandora/object/pitt:31735064607504,https://digital.library.pitt.edu/node/83801/manifest
83802,pitt:31735064607512,1924,1924,1924,,Government,閩侯（閩縣・侯官・林森）,ok,福建省閩侯縣,,王三妹,陳軍漢,0,1,1,,福建省閩侯縣 [Fujian Sheng Minhou Xian],1 item,"Box 3, Folder 119",Seller: 王三妹 [WANG Sanmei] -- Buyer: 陳軍漢 [CHEN Junhan] -- Place: 福建省閩侯縣 [Fujian Sheng Minhou Xian] -- Government,https://digital.library.pitt.edu/islandora/object/pitt:31735064607512,https://digital.library.pitt.edu/node/83802/manifest
83803,pitt:31735064607520,1876,1876,1876,,Government,永安,ok,福建省永安縣,,祿中,,0,1,0,,福建省永安縣 [Fujian Sheng Yongan Xian],1 item,"Box 2, Folder 55",Seller: 祿中 [Luzhong] -- Place: 福建省永安縣 [Fujian Sheng Yongan Xian] -- Government,https://digital.library.pitt.edu/islandora/object/pitt:31735064607520,https://digital.library.pitt.edu/node/83803/manifest
83804,pitt:31735064607538,1761/1762,1761,1762,Y,Government,永定,ok,福建省永定縣,,許瓊栢,吳省忠,0,1,1,,福建省永定縣 [Fujian Sheng Yongding Xian],1 item,"Box 1, Folder 5",Seller: 許瓊栢 [XU Qiongbai] -- Buyer: 吳省忠 [WU Shengzhong] -- Place: 福建省永定縣 [Fujian Sheng Yongding Xian] -- Government,https://digital.library.pitt.edu/islandora/object/pitt:31735064607538,https://digital.library.pitt.edu/node/83804/manifest
83805,pitt:31735064607546,1760/1767,1760,1767,Y,Government,閩清,ok,福建省閩清縣,黃毓扆,,,1,0,0,,福建省閩清縣 [Fujian Sheng Minqing Xian],1 item,"Box 1, Folder 4",Owner: 黃毓扆 [HUANG Yuyi] -- Place: 福建省閩清縣 [Fujian Sheng Minqing Xian] -- Government,https://digital.library.pitt.edu/islandora/object/pitt:31735064607546,https://digital.library.pitt.edu/node/83805/manifest
83806,pitt:31735064607553,1940,1940,1940,,Personal,,unlabeled,,,藍維乾 | 藍維坤,吳淮棉,0,2,1,,,1 item,"Box 3, Folder 162",Seller: 藍維乾 [LAN Weiqian] and 藍維坤 [LAN Weikun] -- Buyer: 吳淮棉 [WU Huaimian] -- Personal,https://digital.library.pitt.edu/islandora/object/pitt:31735064607553,https://digital.library.pitt.edu/node/83806/manifest
83807,pitt:31735064607561,1917,1917,1917,,Personal,,unlabeled,,,維衜,,0,1,0,,,1 item,"Box 2, Folder 105",Seller: 維衜 [Weidao] -- Personal,https://digital.library.pitt.edu/islandora/object/pitt:31735064607561,https://digital.library.pitt.edu/node/83807/manifest
83808,pitt:31735064607579,1805/1816,1805,1816,Y,Government,閩侯（閩縣・侯官・林森）,ok,福建省閩縣,吳秉鑒,吳秉鑒,謝先經,1,1,1,,福建省閩縣 [Fujian Sheng Min Xian],1 item,"Box 1, Folder 16",Owner: 吳秉鑒 [WU Bingjian] -- Seller: 吳秉鑒 [WU Bingjian] -- Buyer: 謝先經 [XIE Xianjing] -- Place: 福建省閩縣 [Fujian Sheng Min Xian] -- Government,https://digital.library.pitt.edu/islandora/object/pitt:31735064607579,https://digital.library.pitt.edu/node/83808/manifest
83809,pitt:31735064607587,1871/1913,1871,1913,Y,Government,閩侯（閩縣・侯官・林森）,ok,福建省閩侯縣,,方元慈,方潮濤,0,1,1,,福建省閩侯縣 [Fujian Sheng Minhou Xian],1 item,"Box 1, Folder 50",Seller: 方元慈 [FANG Yuanci] -- Buyer: 方潮濤 [FANG Chaotao] -- Place: 福建省閩侯縣 [Fujian Sheng Minhou Xian] -- Government,https://digital.library.pitt.edu/islandora/object/pitt:31735064607587,https://digital.library.pitt.edu/node/83809/manifest
83810,pitt:31735064607595,1932,1932,1932,,Government,閩清,ok,福建省閩清縣,,劉振萬,劉紀臣,0,1,1,,福建省閩清縣 [Fujian Sheng Minqing Xian],1 item,"Box 3, Folder 145",Seller: 劉振萬 [LIU Zhenwan] -- Buyer: 劉紀臣 [LIU jichen] -- Place: 福建省閩清縣 [Fujian Sheng Minqing Xian] -- Government,https://digital.library.pitt.edu/islandora/object/pitt:31735064607595,https://digital.library.pitt.edu/node/83810/manifest
83811,pitt:31735064607603,,,,,Government,,unresolved,福建省,,,,0,0,0,,福建省 [Fujian Sheng],1 item,"Box 4, Folder 211",Place: 福建省 [Fujian Sheng] -- Government,https://digital.library.pitt.edu/islandora/object/pitt:31735064607603,https://digital.library.pitt.edu/node/83811/manifest
83812,pitt:31735064607611,1925,1925,1925,,Government,閩侯（閩縣・侯官・林森）,ok,福建省閩侯縣,,張銓銓,鄒道明,0,1,1,,福建省閩侯縣 [Fujian Sheng Minhou Xian],1 item,"Box 3, Folder 123",Seller: 張銓銓 [ZHANG Quanquan] -- Buyer: 鄒道明 [ZOU Daoming] -- Place: 福建省閩侯縣 [Fujian Sheng Minhou Xian] -- Government,https://digital.library.pitt.edu/islandora/object/pitt:31735064607611,https://digital.library.pitt.edu/node/83812/manifest
83813,pitt:31735064607629,1898,1898,1898,,Personal,,unlabeled,,,蘇章林,劉仕懋,0,1,1,,,1 item,"Box 2, Folder 80",Seller: 蘇章林 [SU Zhanglin] -- Buyer: 劉仕懋 [LIU Shimao] -- Personal,https://digital.library.pitt.edu/islandora/object/pitt:31735064607629,https://digital.library.pitt.edu/node/83813/manifest
83814,pitt:31735064607637,1945,1945,1945,,Government,永泰（永福）,ok,福建省永泰縣,葉文怡,,,1,0,0,,福建省永泰縣 [Fujian Sheng Yongtai Xian],1 item,"Box 3, Folder 167",Owner: 葉文怡 [YE Wenyi] -- Place: 福建省永泰縣 [Fujian Sheng Yongtai Xian] -- Government,https://digital.library.pitt.edu/islandora/object/pitt:31735064607637,https://digital.library.pitt.edu/node/83814/manifest
83816,pitt:31735064607645,1891,1891,1891,,Personal,,unlabeled,,林萬開,,,1,0,0,,,1 item,"Box 2, Folder 74",Owner: 林萬開 [LIN Wankai] -- Personal,https://digital.library.pitt.edu/islandora/object/pitt:31735064607645,https://digital.library.pitt.edu/node/83816/manifest
83817,pitt:31735064607652,1798,1798,1798,,Government,建陽,ok,福建省建陽縣,,劉盛章,劉咸安 | 劉道建,0,1,2,,福建省建陽縣 [Fujian Sheng Jianyang Xian],1 item,"Box 1, Folder 11",Seller: 劉盛章 [LIU Shengzhang] --Buyer: 劉咸安 [LIU Xian'an] and 劉道建 [LIU Daojian] -- Place: 福建省建陽縣 [Fujian Sheng Jianyang Xian] -- Government,https://digital.library.pitt.edu/islandora/object/pitt:31735064607652,https://digital.library.pitt.edu/node/83817/manifest
83818,pitt:31735064607660,1805,1805,1805,,Government,建陽,ok,福建省建陽縣,劉咸安,,,1,0,0,,福建省建陽縣 [Fujian Sheng Jianyang Xian],1 item,"Box 1, Folder 13",Owner: 劉咸安 [LIU Xian'an] -- Place: 福建省建陽縣 [Fujian Sheng Jianyang Xian] -- Government,https://digital.library.pitt.edu/islandora/object/pitt:31735064607660,https://digital.library.pitt.edu/node/83818/manifest
83819,pitt:31735064607678,1782,1782,1782,,Government,建陽,ok,福建省建陽縣,,應梓龍,劉繼伍,0,1,1,,福建省建陽縣 [Fujian Sheng Jianyang Xian],1 item,"Box 1, Folder 9",Seller: 應梓龍 [YING Zilong] -- Buyer: 劉繼伍 [LIU Jiwu] -- Place: 福建省建陽縣 [Fujian Sheng Jianyang Xian] -- Government,https://digital.library.pitt.edu/islandora/object/pitt:31735064607678,https://digital.library.pitt.edu/node/83819/manifest
83820,pitt:31735064607686,1910,1910,1910,,Government,,unlabeled,,,開保,,0,1,0,,,1 item,"Box 2, Folder 91",Seller: 開保 [Kaibao] -- Government,https://digital.library.pitt.edu/islandora/object/pitt:31735064607686,https://digital.library.pitt.edu/node/83820/manifest
83821,pitt:31735064607694,1913,1913,1913,,Government,閩侯（閩縣・侯官・林森）,ok,福建省閩侯縣,,林應香,林萬開,0,1,1,,福建省閩侯縣 [Fujian Sheng Minhou Xian],1 item,"Box 2, Folder 97",Seller: 林應香 [LIN Yingxiang] -- Buyer: 林萬開 [LIN Wankai] -- Place: 福建省閩侯縣 [Fujian Sheng Minhou Xian] -- Government,https://digital.library.pitt.edu/islandora/object/pitt:31735064607694,https://digital.library.pitt.edu/node/83821/manifest
83822,pitt:31735064607702,1906,1906,1906,,Government,閩侯（閩縣・侯官・林森）,ok,福建省閩侯縣,,林為良,林可瓊,0,1,1,,福建省閩侯縣 [Fujian Sheng Minhou Xian],1 item,"Box 2, Folder 87",Seller: 林為良 [LIN Weiliang] -- Buyer: 林可瓊 [LIN Keqiong] -- Place: 福建省閩侯縣 [Fujian Sheng Minhou Xian] -- Government,https://digital.library.pitt.edu/islandora/object/pitt:31735064607702,https://digital.library.pitt.edu/node/83822/manifest
83823,pitt:31735064607710,1932,1932,1932,,Personal,,unlabeled,,林可昌 | 林可淦,,,2,0,0,,,1 item,"Box 3, Folder 146",Owner: 林可昌 [LIN Kechang] and 林可淦 [LIN Kegan] -- Personal,https://digital.library.pitt.edu/islandora/object/pitt:31735064607710,https://digital.library.pitt.edu/node/83823/manifest
83824,pitt:31735064607728,1862,1862,1862,,Personal,,unlabeled,,,楊兆通,林,0,1,1,,,1 item,"Box 1, Folder 37",Seller: 楊兆通 [YANG Zhaotong] -- Buyer: 林 [LIN] -- Personal,https://digital.library.pitt.edu/islandora/object/pitt:31735064607728,https://digital.library.pitt.edu/node/83824/manifest
83825,pitt:31735064607736,1913,1913,1913,,Government,閩侯（閩縣・侯官・林森）,ok,福建省閩侯縣,,林可瓊,劉興國,0,1,1,,福建省閩侯縣 [Fujian Sheng Minhou Xian],1 item,"Box 2, Folder 94",Seller: 林可瓊 [LIN Keqiong] -- Buyer: 劉興國 [LIU Xingguo] -- Place: 福建省閩侯縣 [Fujian Sheng Minhou Xian] -- Government,https://digital.library.pitt.edu/islandora/object/pitt:31735064607736,https://digital.library.pitt.edu/node/83825/manifest
83826,pitt:31735064607744,1913,1913,1913,,Government,閩侯（閩縣・侯官・林森）,ok,福建省閩侯縣,,王聯鄧,林萬開,0,1,1,,福建省閩侯縣 [Fujian Sheng Minhou Xian],1 item,"Box 2, Folder 95",Seller: 王聯鄧 [WANG Liandeng] -- Buyer: 林萬開 [LIN Wankai] -- Place: 福建省閩侯縣 [Fujian Sheng Minhou Xian] -- Government,https://digital.library.pitt.edu/islandora/object/pitt:31735064607744,https://digital.library.pitt.edu/node/83826/manifest
83827,pitt:31735064607751,1884,1884,1884,,Government,閩侯（閩縣・侯官・林森）,ok,福建省侯官縣,,林秋溥,林萬開,0,1,1,,福建省侯官縣 [Fujian Sheng Houguan Xian],1 item,"Box 2, Folder 58",Seller: 林秋溥 [LIN Qiupu] -- Buyer: 林萬開 [LIN Wankai] -- Place: 福建省侯官縣 [Fujian Sheng Houguan Xian] -- Government,https://digital.library.pitt.edu/islandora/object/pitt:31735064607751,https://digital.library.pitt.edu/node/83827/manifest
83828,pitt:31735064607769,1884,1884,1884,,Government,閩侯（閩縣・侯官・林森）,ok,福建省侯官縣,,林萬利,官方政府,0,1,1,,福建省侯官縣 [Fujian Sheng Houguan Xian],1 item,"Box 2, Folder 59",Seller: 林萬利 [LIN Wanli] -- Buyer: 官方政府 [Government] -- Place: 福建省侯官縣 [Fujian Sheng Houguan Xian] -- Government,https://digital.library.pitt.edu/islandora/object/pitt:31735064607769,https://digital.library.pitt.edu/node/83828/manifest
83829,pitt:31735064607777,1924,1924,1924,,Personal,,unlabeled,,,林久興 | 林可鑒 | 林久澍,,0,3,0,,,1 item,"Box 3, Folder 120",Seller: 林久興 [LIN Jiuxing] 林可鑒 [LIN Kejian] and 林久澍 [LIN Jiushu]-- Personal,https://digital.library.pitt.edu/islandora/object/pitt:31735064607777,https://digital.library.pitt.edu/node/83829/manifest
83830,pitt:31735064607785,1875,1875,1875,,Government,閩侯（閩縣・侯官・林森）,ok,福建省閩侯縣,,林應香,林萬開,0,1,1,,福建省閩侯縣 [Fujian Sheng Minhou Xian],1 item,"Box 2, Folder 54",Seller: 林應香 [LIN Yingxiang] -- Buyer: 林萬開 [LIN Wankai] -- Place: 福建省閩侯縣 [Fujian Sheng Minhou Xian] -- Government,https://digital.library.pitt.edu/islandora/object/pitt:31735064607785,https://digital.library.pitt.edu/node/83830/manifest
83832,pitt:31735064607793,1893,1893,1893,,Government,閩侯（閩縣・侯官・林森）,ok,福建省閩侯縣,,王兆熙出租,林,0,1,1,Y,福建省閩侯縣 [Fujian Sheng Minhou Xian],1 item,"Box 2, Folder 76",Seller: 王兆熙（出租） [WANG Zhaoxi] -- Buyer: 林 [LIN] -- Place: 福建省閩侯縣 [Fujian Sheng Minhou Xian] -- Government,https://digital.library.pitt.edu/islandora/object/pitt:31735064607793,https://digital.library.pitt.edu/node/83832/manifest
83833,pitt:31735064607801,1881,1881,1881,,Government,閩侯（閩縣・侯官・林森）,ok,福建省閩侯縣,,林春發,林萬開,0,1,1,,福建省閩侯縣 [Fujian Sheng Minhou Xian],1 item,"Box 2, Folder 57",Seller: 林春發 [LIN Chunfa] -- Buyer: 林萬開 [LIN Wankai] -- Place: 福建省閩侯縣 [Fujian Sheng Minhou Xian] -- Government,https://digital.library.pitt.edu/islandora/object/pitt:31735064607801,https://digital.library.pitt.edu/node/83833/manifest
83834,pitt:31735064607819,1894,1894,1894,,Government,閩侯（閩縣・侯官・林森）,ok,福建省閩侯縣,,王兆熙,林,0,1,1,,福建省閩侯縣 [Fujian Sheng Minhou Xian],1 item,"Box 2, Folder 78",Seller: 王兆熙 [WANG Zhaoxi] -- Buyer: 林 [LIN] -- Place: 福建省閩侯縣 [Fujian Sheng Minhou Xian] -- Government,https://digital.library.pitt.edu/islandora/object/pitt:31735064607819,https://digital.library.pitt.edu/node/83834/manifest
83835,pitt:31735064607827,1894,1894,1894,,Government,閩侯（閩縣・侯官・林森）,ok,福建省閩侯縣,,王兆熙,林,0,1,1,,福建省閩侯縣 [Fujian Sheng Minhou Xian],1 item,"Box 2, Folder 77",Seller: 王兆熙 [WANG Zhaoxi] -- Buyer: 林 [LIN] -- Place: 福建省閩侯縣 [Fujian Sheng Minhou Xian] -- Government,https://digital.library.pitt.edu/islandora/object/pitt:31735064607827,https://digital.library.pitt.edu/node/83835/manifest
83836,pitt:31735064607835,1866/1871,1866,1871,Y,Government,閩侯（閩縣・侯官・林森）,ok,福建省侯官縣,,楊鵬超出租,林,0,1,1,Y,福建省侯官縣 [Fujian Sheng Houguan Xian],1 item,"Box 1, Folder 42",Seller: 楊鵬超（出租） [YANG Pengchao] -- Buyer: 林 [LIN] -- Place: 福建省侯官縣 [Fujian Sheng Houguan Xian] -- Government,https://digital.library.pitt.edu/islandora/object/pitt:31735064607835,https://digital.library.pitt.edu/node/83836/manifest
83837,pitt:31735064607843,1805,1805,1805,,Government,閩侯（閩縣・侯官・林森）,ok,福建省侯官縣,,趙守藻,林,0,1,1,,福建省侯官縣 [Fujian Sheng Houguan Xian],1 item,"Box 1, Folder 14",Seller: 趙守藻 [ZHAO Shouzao] -- Buyer: 林 [LIN] -- Place: 福建省侯官縣 [Fujian Sheng Houguan Xian] -- Government,https://digital.library.pitt.edu/islandora/object/pitt:31735064607843,https://digital.library.pitt.edu/node/83837/manifest
83838,pitt:31735064607850,1817,1817,1817,,Government,閩侯（閩縣・侯官・林森）,ok,福建省侯官縣,,趙守藻,林有柱,0,1,1,,福建省侯官縣 [Fujian Sheng Houguan Xian],1 item,"Box 1, Folder 19",Seller: 趙守藻 [ZHAO Shouzao] -- Buyer: 林有柱 [LIN Youzhu] -- Place: 福建省侯官縣 [Fujian Sheng Houguan Xian] -- Government,https://digital.library.pitt.edu/islandora/object/pitt:31735064607850,https://digital.library.pitt.edu/node/83838/manifest
83839,pitt:31735064607868,1850,1850,1850,,Personal,閩侯（閩縣・侯官・林森）,ok,福建省侯官縣,,林世奕,林,0,1,1,,福建省侯官縣 [Fujian Sheng Houguan Xian],1 item,"Box 1, Folder 33",Seller: 林世奕 [LIN Shiyi] -- Buyer: 林 [LIN] -- Place: 福建省侯官縣 [Fujian Sheng Houguan Xian] -- Personal,https://digital.library.pitt.edu/islandora/object/pitt:31735064607868,https://digital.library.pitt.edu/node/83839/manifest
83840,pitt:31735064607876,1888,1888,1888,,Government,閩侯（閩縣・侯官・林森）,ok,福建省侯官縣,,林萬開,林秋溥,0,1,1,,福建省侯官縣 [Fujian Sheng Houguan Xian],1 item,"Box 2, Folder 67",Seller: 林萬開 [LIN Wankai] -- Buyer: 林秋溥 [LIN Qiupu] -- Place: 福建省侯官縣 [Fujian Sheng Houguan Xian] -- Government,https://digital.library.pitt.edu/islandora/object/pitt:31735064607876,https://digital.library.pitt.edu/node/83840/manifest
83841,pitt:31735064607884,1913,1913,1913,,Government,閩侯（閩縣・侯官・林森）,ok,福建省侯官縣,林有柱,,趙守藻,1,0,1,,福建省侯官縣 [Fujian Sheng Houguan Xian],1 item,"Box 2, Folder 96",Owner: 林有柱 [LIN youzhu] -- Buyer: 趙守藻 [ZHAO Shouzao] -- Place: 福建省侯官縣 [Fujian Sheng Houguan Xian] -- Government,https://digital.library.pitt.edu/islandora/object/pitt:31735064607884,https://digital.library.pitt.edu/node/83841/manifest
83842,pitt:31735066237334,1784/1830,1784,1830,Y,Government,古田,ok,福建省古田縣,黃鴻吉,熊長生,熊亨讀,1,1,1,,福建省古田縣 [Fujian Sheng Gutian Xian],1 item,"Box 1, Folder 8",Owner: 黃鴻吉 [HUANG Hongji] --Seller: 熊長生 [XIONG Changsheng] -- Buyer: 熊亨讀 [XIONG Hengdu] -- Place: 福建省古田縣 [Fujian Sheng Gutian Xian] -- Government,https://digital.library.pitt.edu/islandora/object/pitt:31735066237334,https://digital.library.pitt.edu/node/83842/manifest
83843,pitt:31735066237342,1870/1907,1870,1907,Y,Government,屏南 / 古田,ok,福建省屏南縣和古田縣,張蘭芬,張昌暢,張邦昔,1,1,1,,福建省屏南縣和古田縣 [Fujian Sheng Pingnan Xian and Gutian Xian],1 item,"Box 1, Folder 49",Owner: 張蘭芬 [ZHANG Lanfen] --Seller: 張昌暢 [ZHANG Changchang] -- Buyer: （張）邦昔 [(ZHANG) Bangxi] -- Place: 福建省屏南縣和古田縣 [Fujian Sheng Pingnan Xian and Gutian Xian] -- Government,https://digital.library.pitt.edu/islandora/object/pitt:31735066237342,https://digital.library.pitt.edu/node/83843/manifest
83844,pitt:31735066237359,1864/1872,1864,1872,Y,Government,古田,ok,福建省古田縣,張利禧,鄭嬌姑,鄭淳氏,1,1,1,,福建省古田縣 [Fujian Sheng Gutian Xian],1 item,"Box 1, Folder 39",Owner: 張利禧 [ZHANG Lixi] --Seller: 鄭嬌姑 [ZHENG Jiaogu] -- Buyer: 鄭淳氏 [ZHENGchunshi] -- Place: 福建省古田縣 [Fujian Sheng Gutian Xian] -- Government,https://digital.library.pitt.edu/islandora/object/pitt:31735066237359,https://digital.library.pitt.edu/node/83844/manifest
83845,pitt:31735066237367,1767,1767,1767,,Government,南平,ok,福建省南平縣,,徐幹通,熊孫,0,1,1,,福建省南平縣 [Fujian Sheng Nanping Xian],1 item,"Box 1, Folder 6",Seller: 徐幹通 [XU Gantong] -- Buyer: 熊孫? [XIONG Sun?] -- Place: 福建省南平縣 [Fujian Sheng Nanping Xian] -- Government,https://digital.library.pitt.edu/islandora/object/pitt:31735066237367,https://digital.library.pitt.edu/node/83845/manifest
83847,pitt:31735066237375,1779,1779,1779,,Government,閩清,ok,福建省閩清縣,,李有定,謝氏,0,1,1,,福建省閩清縣 [Fujian Sheng Minqing Xian],1 item,"Box 1, Folder 7",Seller: 李有定 [LI Youding] -- Buyer: 謝氏 [XIE] -- Place: 福建省閩清縣 [Fujian Sheng Minqing Xian] -- Government,https://digital.library.pitt.edu/islandora/object/pitt:31735066237375,https://digital.library.pitt.edu/node/83847/manifest
83848,pitt:31735066237383,1872,1872,1872,,Government,古田,ok,福建省古田縣,,陳裔煌,鄭璟,0,1,1,,福建省古田縣 [Fujian Sheng Gutian Xian],1 item,"Box 2, Folder 52",Seller: 陳裔煌 [CHEN Yihuang] -- Buyer: 鄭璟 [ZHENG Jing] -- Place: 福建省古田縣 [Fujian Sheng Gutian Xian] -- Government,https://digital.library.pitt.edu/islandora/object/pitt:31735066237383,https://digital.library.pitt.edu/node/83848/manifest
83849,pitt:31735066237391,1869,1869,1869,,Government,屏南,ok,福建省屏南縣,,輝煌,蘇坐標,0,1,1,,福建省屏南縣 [Fujian Sheng Pingnan Xian],1 item,"Box 1, Folder 46",Seller: ?輝煌 [? Huihuang] -- Buyer: 蘇坐標 [SU Zuobiao] -- Place: 福建省屏南縣 [Fujian Sheng Pingnan Xian] -- Government,https://digital.library.pitt.edu/islandora/object/pitt:31735066237391,https://digital.library.pitt.edu/node/83849/manifest
83850,pitt:31735066237409,,,,,Government,,non_fujian,安徽省歙縣,羅,,,1,0,0,,安徽省歙縣 [Anhui Sheng She Xian],1 item,"Box 1, Folder 17",Owner: 羅? [LUO ?] -- Place: 安徽省歙縣 [Anhui Sheng She Xian] -- Government,https://digital.library.pitt.edu/islandora/object/pitt:31735066237409,https://digital.library.pitt.edu/node/83850/manifest
83851,pitt:31735066237417,1849,1849,1849,,Government,古田,ok,福建省古田縣,林元鼎,,,1,0,0,,福建省古田縣 [Fujian Sheng Gutian Xian],1 item,"Box 1, Folder 32",Owner: 林元鼎 [LIN Yuanding] -- Place: 福建省古田縣 [Fujian Sheng Gutian Xian] -- Government,https://digital.library.pitt.edu/islandora/object/pitt:31735066237417,https://digital.library.pitt.edu/node/83851/manifest
83852,pitt:31735066237425,1920,1920,1920,,Government,閩侯（閩縣・侯官・林森）,ok,福建省閩侯縣,,張氏,林欽祥,0,1,1,,福建省閩侯縣 [Fujian Sheng Minhou Xian],1 item,"Box 2, Folder 109",Seller: 張氏 [ZHANG] -- Buyer: 林欽祥 [LIN Qinxiang] -- Place: 福建省閩侯縣 [Fujian Sheng Minhou Xian] -- Government,https://digital.library.pitt.edu/islandora/object/pitt:31735066237425,https://digital.library.pitt.edu/node/83852/manifest
83853,pitt:31735066237433,1928,1928,1928,,Government,古田,ok,福建省古田縣,盧亨雲,,,1,0,0,,福建省古田縣 [Fujian Sheng Gutian Xian],1 item,"Box 3, Folder 137",Owner: 盧亨雲 [LU Hengyun] -- Place: 福建省古田縣 [Fujian Sheng Gutian Xian] -- Government,https://digital.library.pitt.edu/islandora/object/pitt:31735066237433,https://digital.library.pitt.edu/node/83853/manifest
83854,pitt:31735066237441,1915,1915,1915,,Government,古田,ok,福建省古田縣,雷汝知,,,1,0,0,,福建省古田縣 [Fujian Sheng Gutian Xian],1 item,"Box 2, Folder 103",Owner: 雷汝知 [LEI Ruzhi] -- Place: 福建省古田縣 [Fujian Sheng Gutian Xian] -- Government,https://digital.library.pitt.edu/islandora/object/pitt:31735066237441,https://digital.library.pitt.edu/node/83854/manifest
83855,pitt:31735066237458,1930,1930,1930,,Government,古田,ok,福建省古田縣,洪國慶,,,1,0,0,,福建省古田縣 [Fujian Sheng Gutian Xian],1 item,"Box 3, Folder 141",Owner: 洪國慶 [HONG Guoqing] -- Place: 福建省古田縣 [Fujian Sheng Gutian Xian] -- Government,https://digital.library.pitt.edu/islandora/object/pitt:31735066237458,https://digital.library.pitt.edu/node/83855/manifest
83856,pitt:31735066237466,,,,,Government,古田,ok,福建省古田縣,,陳如良,陈謀丁,0,1,1,,福建省古田縣 [Fujian Sheng Gutian Xian],1 item,"Box 3, Folder 153",Seller: 陳如良 [CHEN Ruliang] -- Buyer: （陈？）謀丁 [(CHEN?) Mouding] -- Place: 福建省古田縣 [Fujian Sheng Gutian Xian] -- Government,https://digital.library.pitt.edu/islandora/object/pitt:31735066237466,https://digital.library.pitt.edu/node/83856/manifest
83857,pitt:31735066237474,1925,1925,1925,,Government,古田,ok,福建省古田縣,,林履同,張炳源,0,1,1,,福建省古田縣 [Fujian Sheng Gutian Xian],1 item,"Box 3, Folder 124",Seller: 林履同 [LIN Lutong] -- Buyer: 張炳源 [ZHANG Bingyuan] -- Place: 福建省古田縣 [Fujian Sheng Gutian Xian] -- Government,https://digital.library.pitt.edu/islandora/object/pitt:31735066237474,https://digital.library.pitt.edu/node/83857/manifest
83858,pitt:31735066237482,1913,1913,1913,,Government,屏南,ok,福建省屏南縣,張傳珍,,,1,0,0,,福建省屏南縣 [Fujian Sheng Pingnan Xian],1 item,"Box 2, Folder 100",Owner: 張傳珍 [ZHANG Chuanzhen] -- Place: 福建省屏南縣 [Fujian Sheng Pingnan Xian] -- Government,https://digital.library.pitt.edu/islandora/object/pitt:31735066237482,https://digital.library.pitt.edu/node/83858/manifest
83859,pitt:31735066237490,1906,1906,1906,,Personal,,unlabeled,,,郭宗仲,王齊發,0,1,1,,,1 item,"Box 2, Folder 88",Seller: 郭宗仲 [GUO Zongzhong] -- Buyer: 王齊發 [WANG Qifa] -- Personal,https://digital.library.pitt.edu/islandora/object/pitt:31735066237490,https://digital.library.pitt.edu/node/83859/manifest
83860,pitt:31735066237508,1921,1921,1921,,Government,古田,ok,福建省古田縣,謝祀初,,,1,0,0,,福建省古田縣 [Fujian Sheng Gutian Xian],1 item,"Box 3, Folder 115",Owner: 謝祀初 [XIE Qichu] -- Place: 福建省古田縣 [Fujian Sheng Gutian Xian] -- Government,https://digital.library.pitt.edu/islandora/object/pitt:31735066237508,https://digital.library.pitt.edu/node/83860/manifest
83861,pitt:31735066237516,1933,1933,1933,,Government,古田,ok,福建省古田縣,余興泉,,,1,0,0,,福建省古田縣 [Fujian Sheng Gutian Xian],1 item,"Box 3, Folder 148",Owner: 余興泉 [YU Xingquan] -- Place: 福建省古田縣 [Fujian Sheng Gutian Xian] -- Government,https://digital.library.pitt.edu/islandora/object/pitt:31735066237516,https://digital.library.pitt.edu/node/83861/manifest
83863,pitt:31735066237524,1933,1933,1933,,Government,古田,ok,福建省古田縣,葉克培,,,1,0,0,,福建省古田縣 [Fujian Sheng Gutian Xian],1 item,"Box 3, Folder 149",Owner: 葉克培 [YE Kepei] -- Place: 福建省古田縣 [Fujian Sheng Gutian Xian] -- Government,https://digital.library.pitt.edu/islandora/object/pitt:31735066237524,https://digital.library.pitt.edu/node/83863/manifest
83864,pitt:31735066237532,1904/1943,1904,1943,Y,Government,閩侯（閩縣・侯官・林森）,ok,福建省閩縣,黃財業,許春願,黃財業,1,1,1,,福建省閩縣 [Fujian Sheng Min Xian],1 item,"Box 2, Folder 86",Owner: 黃財業 [HUANG Caiye] -- Seller: 許春願 [XU Chunyuan] -- Buyer: 黃財業 [HUANG Caiye] -- Place: 福建省閩縣 [Fujian Sheng Min Xian] -- Government,https://digital.library.pitt.edu/islandora/object/pitt:31735066237532,https://digital.library.pitt.edu/node/83864/manifest
83865,pitt:31735066237540,1942/1943,1942,1943,Y,Government,閩清,ok,福建省閩清縣,張道興,余傳荃,張道興,1,1,1,,福建省閩清縣 [Fujian Sheng Minqing Xian],1 item,"Box 3, Folder 164",Owner: 張道興 [ZHANG Daoxing] -- Seller: 余傳荃 [YU Chuanquan] -- Buyer: 張道興 [ZHANG Daoxing] -- Place: 福建省閩清縣 [Fujian Sheng Minqing Xian] -- Government,https://digital.library.pitt.edu/islandora/object/pitt:31735066237540,https://digital.library.pitt.edu/node/83865/manifest
83866,pitt:31735066237557,1903/1943,1903,1943,Y,Government,永泰（永福）,ok,福建省永泰縣,金寬英,張文楚,金寬英,1,1,1,,福建省永泰縣 [Fujian Sheng Yongtai Xian],1 item,"Box 2, Folder 85",Owner: 金寬英 [JIN Kuanying] -- Seller: 張文楚 [ZHANG Wenchu] -- Buyer: 金寬英 [JIN Kuanying] -- Place: 福建省永泰縣 [Fujian Sheng Yongtai Xian] -- Government,https://digital.library.pitt.edu/islandora/object/pitt:31735066237557,https://digital.library.pitt.edu/node/83866/manifest
83867,pitt:31735066237565,1867,1867,1867,,Government,建陽,ok,福建省建陽縣,劉景茂,,,1,0,0,,福建省建陽縣 [Fujian Sheng Jianyang Xian],1 item,"Box 1, Folder 43",Owner: 劉景茂 [LIU Jingmao] -- Place: 福建省建陽縣 [Fujian Sheng Jianyang Xian] -- Government,https://digital.library.pitt.edu/islandora/object/pitt:31735066237565,https://digital.library.pitt.edu/node/83867/manifest
83868,pitt:31735066237573,1869/1928,1869,1928,Y,Government,閩侯（閩縣・侯官・林森）,ok,福建省閩侯縣,王元靄,林春源,王元靄,1,1,1,,福建省閩侯縣 [Fujian Sheng Minhou Xian],1 item,"Box 1, Folder 48",Owner: 王元靄 [WANG Yuanai] --Seller: 林春源 [LIN Chunyuan] -- Buyer: 王元靄 [WANG Yuanai] -- Place: 福建省閩侯縣 [Fujian Sheng Minhou Xian] -- Government,https://digital.library.pitt.edu/islandora/object/pitt:31735066237573,https://digital.library.pitt.edu/node/83868/manifest
83869,pitt:31735066237581,1917/1926,1917,1926,Y,Government,永泰（永福）,ok,福建省永泰縣,黃遠容 | 黃同華 | 黃同德 | 黃國興 | 黃國義,,,5,0,0,,福建省永泰縣 [Fujian Sheng Yongtai Xian],1 item,"Box 2, Folder 107",Owner: 黃遠容 [HUANG Yuanrong] 黃同華 [HUANGTonghua] 黃同德 [HUANG Tongde] 黃國興[HUANG Guoxing] and 黃國義[HUANG Guoyi] -- Place: 福建省永泰縣 [Fujian Sheng Yongtai Xian] -- Government,https://digital.library.pitt.edu/islandora/object/pitt:31735066237581,https://digital.library.pitt.edu/node/83869/manifest
83870,pitt:31735066237599,1923/1930,1923,1930,Y,Government,永泰（永福）,ok,福建省永泰縣,黃乞容等,,,1,0,0,,福建省永泰縣 [Fujian Sheng Yongtai Xian],1 item,"Box 3, Folder 118",Owner: 黃乞容等 [HUANG Qirong] etc. -- Place: 福建省永泰縣 [Fujian Sheng Yongtai Xian] -- Government,https://digital.library.pitt.edu/islandora/object/pitt:31735066237599,https://digital.library.pitt.edu/node/83870/manifest
83871,pitt:31735066237607,1926/1927,1926,1927,Y,Government,永泰（永福）,ok,福建省永泰縣,黃國興,,,1,0,0,,福建省永泰縣 [Fujian Sheng Yongtai Xian],1 item,"Box 3, Folder 128",Owner: 黃國興等 [HUANG Guoxing] etc. -- Place: 福建省永泰縣 [Fujian Sheng Yongtai Xian] -- Government,https://digital.library.pitt.edu/islandora/object/pitt:31735066237607,https://digital.library.pitt.edu/node/83871/manifest
83872,pitt:31735066237615,1920/1926,1920,1926,Y,Government,永泰（永福）,ok,福建省永泰縣,林仁典等,,,1,0,0,,福建省永泰縣 [Fujian Sheng Yongtai Xian],1 item,"Box 3, Folder 111",Owner: 林仁典等 [LIN Rendian] etc. -- Place: 福建省永泰縣 [Fujian Sheng Yongtai Xian] -- Government,https://digital.library.pitt.edu/islandora/object/pitt:31735066237615,https://digital.library.pitt.edu/node/83872/manifest
83873,pitt:31735066237623,1920/1926,1920,1926,Y,Government,永泰（永福）,ok,福建省永泰縣,黃同華,,,1,0,0,,福建省永泰縣 [Fujian Sheng Yongtai Xian],1 item,"Box 3, Folder 112",Owner: 黃同華 [HUANG Tonghua] -- Place: 福建省永泰縣 [Fujian Sheng Yongtai Xian] -- Government,https://digital.library.pitt.edu/islandora/object/pitt:31735066237623,https://digital.library.pitt.edu/node/83873/manifest
83874,pitt:31735066237631,1920/1925,1920,1925,Y,Government,永泰（永福）,ok,福建省永泰縣,黃雲村 | 黃汝勷,,,2,0,0,,福建省永泰縣 [Fujian Sheng Yongtai Xian],1 item,"Box 2, Folder 110",Owner: 黃雲村? [HUANG Yuncun] and 黃汝勷 [HUANG Rurang] -- Place: 福建省永泰縣 [Fujian Sheng Yongtai Xian] -- Government,https://digital.library.pitt.edu/islandora/object/pitt:31735066237631,https://digital.library.pitt.edu/node/83874/manifest
83875,pitt:31735066237649,1920/1932,1920,1932,Y,Government,閩侯（閩縣・侯官・林森）,ok,福建省閩縣,陳明,,,1,0,0,,福建省閩縣 [Fujian Sheng Min Xian],1 item,"Box 3, Folder 113",Owner: 陳明 [CHEN Ming] -- Place: 福建省閩縣 [Fujian Sheng Min Xian] -- Government,https://digital.library.pitt.edu/islandora/object/pitt:31735066237649,https://digital.library.pitt.edu/node/83875/manifest
83876,pitt:31735066237656,1890/1892,1890,1892,Y,Government,閩侯（閩縣・侯官・林森）,ok,福建省閩縣,陳雅 | 陳道書 | 陳建璽 | 陳成嘉,,,4,0,0,,福建省閩縣 [Fujian Sheng Min Xian],1 item,"Box 2, Folder 73",Owner: 陳雅 [CHEN Ya] 陳道書 [CHEN Daoshu] 陳建璽 [CHEN Jianxi] and 陳成嘉[CHEN Chengjia]-- Place: 福建省閩縣 [Fujian Sheng Min Xian] -- Government,https://digital.library.pitt.edu/islandora/object/pitt:31735066237656,https://digital.library.pitt.edu/node/83876/manifest
83878,pitt:31735066237664,1924/1926,1924,1926,Y,Government,永泰（永福）,ok,福建省永泰縣,黃同德,,,1,0,0,,福建省永泰縣 [Fujian Sheng Yongtai Xian],1 item,"Box 3, Folder 122",Owner: 黃同德 [HUANG Tongde] -- Place: 福建省永泰縣 [Fujian Sheng Yongtai Xian] -- Government,https://digital.library.pitt.edu/islandora/object/pitt:31735066237664,https://digital.library.pitt.edu/node/83878/manifest
83879,pitt:31735066237672,1895/1900,1895,1900,Y,Government,永安 / 永泰（永福）,ok,福建省永安县和永福县,鄭其英 | 沈齊,,,2,0,0,,福建省永安县和永福县 [Fujian Sheng Yongan Xian and Yongfu Xian],1 item,"Box 2, Folder 79",Owner: 鄭其英 [ZHENG Qiying] and 沈齊 [SHEN Qi] -- Place: 福建省永安县和永福县 [Fujian Sheng Yongan Xian and Yongfu Xian] -- Government,https://digital.library.pitt.edu/islandora/object/pitt:31735066237672,https://digital.library.pitt.edu/node/83879/manifest
83880,pitt:31735066237680,1922,1922,1922,,Government,永泰（永福）,ok,福建省永泰縣,黃汝勷,,,1,0,0,,福建省永泰縣 [Fujian Sheng Yongtai Xian],1 item,"Box 3, Folder 117",Owner: 黃汝勷 [HUANG Rurang] -- Place: 福建省永泰縣 [Fujian Sheng Yongtai Xian] -- Government,https://digital.library.pitt.edu/islandora/object/pitt:31735066237680,https://digital.library.pitt.edu/node/83880/manifest
83881,pitt:31735066237698,1887,1887,1887,,Personal,,unlabeled,,,,,0,0,0,,unknown,1 item,"Box 2, Folder 65",Place: unknown -- Personal,https://digital.library.pitt.edu/islandora/object/pitt:31735066237698,https://digital.library.pitt.edu/node/83881/manifest
83882,pitt:31735066237706,1936,1936,1936,,Personal,,unresolved,福建省,,陳欽隆,陳欽瑞,0,1,1,,福建省 [Fujian Sheng],1 item,"Box 3, Folder 159",Seller: 陳欽隆 [CHEN Qinlong] -- Buyer: 陳欽瑞 [CHEN Qinrui] -- Place: 福建省 [Fujian Sheng] -- Personal,https://digital.library.pitt.edu/islandora/object/pitt:31735066237706,https://digital.library.pitt.edu/node/83882/manifest
83883,pitt:31735066237714,1943,1943,1943,,Government,,unlabeled,,黃昌聲,,陳智存,1,0,1,,unknown,1 item,"Box 3, Folder 165",Owner: 黃昌聲 [HUANG Changsheng] -- Buyer: 陳智存 [CHEN Zhicun] -- Place: unknown -- Government,https://digital.library.pitt.edu/islandora/object/pitt:31735066237714,https://digital.library.pitt.edu/node/83883/manifest
83884,pitt:31735066237722,1829,1829,1829,,Personal,,unlabeled,,,黃隆貫,陳國遠,0,1,1,,unknown,1 item,"Box 1, Folder 23",Seller: 黃隆貫 [HUANG Longguan] -- Buyer: 陳國遠 [CHEN Guoyuan] -- Place: unknown -- Personal,https://digital.library.pitt.edu/islandora/object/pitt:31735066237722,https://digital.library.pitt.edu/node/83884/manifest
83885,pitt:31735066237730,1910,1910,1910,,Government,建陽,ok,福建省建陽縣,,劉嘉命,劉源森,0,1,1,,福建省建陽縣 [Fujian Sheng Jianyang Xian],1 item,"Box 2, Folder 92",Seller: 劉嘉命 [LIU Jiaming] -- Buyer: 劉源森 [LIU Yuansen] -- Place: 福建省建陽縣 [Fujian Sheng Jianyang Xian] -- Government,https://digital.library.pitt.edu/islandora/object/pitt:31735066237730,https://digital.library.pitt.edu/node/83885/manifest
83886,pitt:31735066237748,1928,1928,1928,,Personal,,unlabeled,,,張國光,張國寶,0,1,1,,unknown,1 item,"Box 3, Folder 138",Seller: 張國光 [ZHANG Guoguang] -- Buyer: 張國寶 [ZHANG Guobao] -- Place: unknown -- Personal,https://digital.library.pitt.edu/islandora/object/pitt:31735066237748,https://digital.library.pitt.edu/node/83886/manifest
83887,pitt:31735066237755,1935,1935,1935,,Government,閩侯（閩縣・侯官・林森）,ok,福建省閩侯縣,張國軒,,,1,0,0,,福建省閩侯縣 [Fujian Sheng Minhou Xian],1 item,"Box 3, Folder 154",Owner: 張國軒 [ZHANG Guoxuan] -- Place: 福建省閩侯縣 [Fujian Sheng Minhou Xian] -- Government,https://digital.library.pitt.edu/islandora/object/pitt:31735066237755,https://digital.library.pitt.edu/node/83887/manifest
83888,pitt:31735066237763,1937,1937,1937,,Government,晉江,ok,福建省晉江縣,吳修晟,,,1,0,0,,福建省晉江縣 [Fujian Sheng Jinjiang Xian],1 item,"Box 3, Folder 160",Owner: 吳修晟 [WU Xiusheng] -- Place: 福建省晉江縣 [Fujian Sheng Jinjiang Xian] -- Government,https://digital.library.pitt.edu/islandora/object/pitt:31735066237763,https://digital.library.pitt.edu/node/83888/manifest
83889,pitt:31735066237771,1947,1947,1947,,Government,閩侯（閩縣・侯官・林森）,ok,福建省林森縣,黃克動 | 黃生官,,,2,0,0,,福建省林森縣 [Fujian Sheng Linsen Xian],1 item,"Box 4, Folder 185",Owner: 黃克動 [HUANG Kedong] and 黃生官 [HUANG Shengguan] -- Place: 福建省林森縣 [Fujian Sheng Linsen Xian] -- Government,https://digital.library.pitt.edu/islandora/object/pitt:31735066237771,https://digital.library.pitt.edu/node/83889/manifest
83890,pitt:31735066266143,1947,1947,1947,,Government,閩侯（閩縣・侯官・林森）,ok,福建省林森縣,王鐘鈞,,,1,0,0,,福建省林森縣 [Fujian Sheng Linsen Xian],1 item,"Box 4, Folder 174",Owner: 王鐘鈞 [WANG Zhongjun] -- Place: 福建省林森縣 [Fujian Sheng Linsen Xian] -- Government,https://digital.library.pitt.edu/islandora/object/pitt:31735066266143,https://digital.library.pitt.edu/node/83890/manifest
83891,pitt:31735066266150,1947,1947,1947,,Government,閩侯（閩縣・侯官・林森）,ok,福建省林森縣,王鐘鈞,,,1,0,0,,福建省林森縣 [Fujian Sheng Linsen Xian],1 item,"Box 4, Folder 175",Owner: 王鐘鈞 [WANG Zhongjun] -- Place: 福建省林森縣 [Fujian Sheng Linsen Xian] -- Government,https://digital.library.pitt.edu/islandora/object/pitt:31735066266150,https://digital.library.pitt.edu/node/83891/manifest
83893,pitt:31735066266168,1947,1947,1947,,Government,閩侯（閩縣・侯官・林森）,ok,福建省林森縣,林修枝,,,1,0,0,,福建省林森縣 [Fujian Sheng Linsen Xian],1 item,"Box 4, Folder 176",Owner: 林修枝 [LIN Xiuzhi] -- Place: 福建省林森縣 [Fujian Sheng Linsen Xian] -- Government,https://digital.library.pitt.edu/islandora/object/pitt:31735066266168,https://digital.library.pitt.edu/node/83893/manifest
83894,pitt:31735066266176,1947,1947,1947,,Government,閩侯（閩縣・侯官・林森）,ok,福建省林森縣,林修枝,,,1,0,0,,福建省林森縣 [Fujian Sheng Linsen Xian],1 item,"Box 4, Folder 177",Owner: 林修枝 [LIN Xiuzhi] -- Place: 福建省林森縣 [Fujian Sheng Linsen Xian] -- Government,https://digital.library.pitt.edu/islandora/object/pitt:31735066266176,https://digital.library.pitt.edu/node/83894/manifest
83895,pitt:31735066266184,1947,1947,1947,,Government,閩侯（閩縣・侯官・林森）,ok,福建省林森縣,林修枝,,,1,0,0,,福建省林森縣 [Fujian Sheng Linsen Xianen],1 item,"Box 4, Folder 178",Owner: 林修枝 [LIN Xiuzhi] -- Place: 福建省林森縣 [Fujian Sheng Linsen Xianen] -- Government,https://digital.library.pitt.edu/islandora/object/pitt:31735066266184,https://digital.library.pitt.edu/node/83895/manifest
83896,pitt:31735066266192,1947,1947,1947,,Government,閩侯（閩縣・侯官・林森）,ok,福建省林森縣,林修枝,,,1,0,0,,福建省林森縣 [Fujian Sheng Linsen Xian],1 item,"Box 4, Folder 179",Owner: 林修枝 [LIN Xiuzhi] -- Place: 福建省林森縣 [Fujian Sheng Linsen Xian] -- Government,https://digital.library.pitt.edu/islandora/object/pitt:31735066266192,https://digital.library.pitt.edu/node/83896/manifest
83897,pitt:31735066266200,1947,1947,1947,,Government,閩侯（閩縣・侯官・林森）,ok,福建省林森縣,林修枝,,,1,0,0,,福建省林森縣 [Fujian Sheng Linsen Xian],1 item,"Box 4, Folder 180",Owner: 林修枝 [LIN Xiuzhi] -- Place: 福建省林森縣 [Fujian Sheng Linsen Xian] -- Government,https://digital.library.pitt.edu/islandora/object/pitt:31735066266200,https://digital.library.pitt.edu/node/83897/manifest
83898,pitt:31735066266218,1947,1947,1947,,Government,閩侯（閩縣・侯官・林森）,ok,福建省林森縣,林修枝,,,1,0,0,,福建省林森縣 [Fujian Sheng Linsen Xian],1 item,"Box 4, Folder 181",Owner: 林修枝 [LIN Xiuzhi] -- Place: 福建省林森縣 [Fujian Sheng Linsen Xian] -- Government,https://digital.library.pitt.edu/islandora/object/pitt:31735066266218,https://digital.library.pitt.edu/node/83898/manifest
83899,pitt:31735066266226,1947,1947,1947,,Government,閩侯（閩縣・侯官・林森）,ok,福建省林森縣,林修枝,,,1,0,0,,福建省林森縣 [Fujian Sheng Linsen Xian],1 item,"Box 4, Folder 182",Owner: 林修枝 [LIN Xiuzhi] -- Place: 福建省林森縣 [Fujian Sheng Linsen Xian] -- Government,https://digital.library.pitt.edu/islandora/object/pitt:31735066266226,https://digital.library.pitt.edu/node/83899/manifest
83900,pitt:31735066266234,1947,1947,1947,,Government,閩侯（閩縣・侯官・林森）,ok,福建省林森縣,林修枝,,,1,0,0,,福建省林森縣 [Fujian Sheng Linsen Xian],1 item,"Box 4, Folder 183",Owner: 林修枝 [LIN Xiuzhi] -- Place: 福建省林森縣 [Fujian Sheng Linsen Xian] -- Government,https://digital.library.pitt.edu/islandora/object/pitt:31735066266234,https://digital.library.pitt.edu/node/83900/manifest
83901,pitt:31735066266242,1947,1947,1947,,Government,閩侯（閩縣・侯官・林森）,ok,福建省林森縣,林修枝,,,1,0,0,,福建省林森縣 [Fujian Sheng Linsen Xian],1 item,"Box 4, Folder 184",Owner: 林修枝 [LIN Xiuzhi] -- Place: 福建省林森縣 [Fujian Sheng Linsen Xian] -- Government,https://digital.library.pitt.edu/islandora/object/pitt:31735066266242,https://digital.library.pitt.edu/node/83901/manifest
83902,pitt:31735066266259,1840,1840,1840,,Personal,,unlabeled,,林氏,,,1,0,0,,,1 item,"Box 1, Folder 26",Owner: 林氏 [LIN Shi] -- Personal,https://digital.library.pitt.edu/islandora/object/pitt:31735066266259,https://digital.library.pitt.edu/node/83902/manifest
83903,pitt:31735066266267,1866,1866,1866,,Government,閩侯（閩縣・侯官・林森）,ok,福建省侯官縣,,德詮僧人,,0,1,0,,福建省侯官縣 [Fujian Sheng Houguan Xian],1 item,"Box 1, Folder 40",Seller: 德詮（僧人） [Dequan] -- Place: 福建省侯官縣 [Fujian Sheng Houguan Xian] -- Government,https://digital.library.pitt.edu/islandora/object/pitt:31735066266267,https://digital.library.pitt.edu/node/83903/manifest
83904,pitt:31735066266275,1886,1886,1886,,Government,閩侯（閩縣・侯官・林森）,ok,福建省侯官縣,林萬利,,,1,0,0,,福建省侯官縣 [Fujian Sheng Houguan Xian],1 item,"Box 2, Folder 61",Owner: 林萬利 [LIN Wanli] -- Place: 福建省侯官縣 [Fujian Sheng Houguan Xian] -- Government,https://digital.library.pitt.edu/islandora/object/pitt:31735066266275,https://digital.library.pitt.edu/node/83904/manifest
83905,pitt:31735066266283,1915,1915,1915,,Government,閩侯（閩縣・侯官・林森）,ok,福建省閩侯縣,,林宜新,林久樹,0,1,1,,福建省閩侯縣 [Fujian Sheng Minhou Xian],1 item,"Box 2, Folder 101",Seller: 林宜新 [LIN Yixin] -- Buyer: 林久樹 [LIN Jiushu] -- Place: 福建省閩侯縣 [Fujian Sheng Minhou Xian] -- Government,https://digital.library.pitt.edu/islandora/object/pitt:31735066266283,https://digital.library.pitt.edu/node/83905/manifest
83906,pitt:31735066266291,1890,1890,1890,,Personal,,unlabeled,,,張寶詨,程長孫,0,1,1,,,1 item,"Box 2, Folder 81",Seller: 張寶詨 [ZHANG Baoxiao] -- Buyer: 程長孫 [CHENG Changsun] -- Personal,https://digital.library.pitt.edu/islandora/object/pitt:31735066266291,https://digital.library.pitt.edu/node/83906/manifest
83907,pitt:31735066266309,1890,1890,1890,,Personal,,unlabeled,,,藍炳孫,程長孫,0,1,1,,,1 item,"Box 2, Folder 72",Seller: 藍炳孫 [LAN Bingsun] -- Buyer: 程長孫 [CHENG Changsun] -- Personal,https://digital.library.pitt.edu/islandora/object/pitt:31735066266309,https://digital.library.pitt.edu/node/83907/manifest
83909,pitt:31735066266317,1870,1870,1870,,Personal,,unlabeled,,,程姑仔,金寶,0,1,1,,,1 item,"Box 2, Folder 51",Seller: 程姑仔 [CHENG Guzai] -- Buyer: 金寶 [JIN Bao] -- Personal,https://digital.library.pitt.edu/islandora/object/pitt:31735066266317,https://digital.library.pitt.edu/node/83909/manifest
83910,pitt:31735066266325,1927,1927,1927,,Government,,unresolved,福建省,賴國才,,,1,0,0,,福建省 [Fujian Sheng],1 item,"Box 3, Folder 129",Owner: 賴國才 [LAI Guocai] -- Place: 福建省 [Fujian Sheng] -- Government,https://digital.library.pitt.edu/islandora/object/pitt:31735066266325,https://digital.library.pitt.edu/node/83910/manifest
83911,pitt:31735066266333,1947,1947,1947,,Government,閩侯（閩縣・侯官・林森）,ok,福建省林森縣,黃生官,,,1,0,0,,福建省林森縣 [Fujian Sheng Linsen Xian],1 item,"Box 4, Folder 186",Owner: 黃生官 [HUANG Shengguan] -- Place: 福建省林森縣 [Fujian Sheng Linsen Xian] -- Government,https://digital.library.pitt.edu/islandora/object/pitt:31735066266333,https://digital.library.pitt.edu/node/83911/manifest
83912,pitt:31735066266341,1928,1928,1928,,Government,,unresolved,福建省,,,錆啇百壽協廳軒,0,0,1,,福建省 [Fujian Sheng],1 item,"Box 3, Folder 134",Buyer: 錆啇百壽協廳軒 [Qiangdi Baishouxietingxuan] -- Place: 福建省 [Fujian Sheng] -- Government,https://digital.library.pitt.edu/islandora/object/pitt:31735066266341,https://digital.library.pitt.edu/node/83912/manifest
83913,pitt:31735066266358,1932,1932,1932,,Government,閩侯（閩縣・侯官・林森）,ok,福建省閩侯縣,,,,0,0,0,,福建省閩侯縣 [Fujian Sheng Minhou Xian],1 item,"Box 3, Folder 144",Place: 福建省閩侯縣 [Fujian Sheng Minhou Xian] -- Government,https://digital.library.pitt.edu/islandora/object/pitt:31735066266358,https://digital.library.pitt.edu/node/83913/manifest
83914,pitt:31735066266366,1842,1842,1842,,Personal,,unlabeled,,,黃維裕 | 黃維岑,,0,2,0,,,1 item,"Box 1, Folder 30",Seller: 黃維裕 [HUANG Weiyu] and 黃維岑[HUANG Weicen] -- Personal,https://digital.library.pitt.edu/islandora/object/pitt:31735066266366,https://digital.library.pitt.edu/node/83914/manifest
83915,pitt:31735066266374,1844/1845,1844,1845,Y,Personal,閩侯（閩縣・侯官・林森）,ok,福建省侯官縣,,林厚成 | 林厚祿 | 林厚祥,葉成,0,3,1,,福建省侯官縣 [Fujian Sheng Houguan Xian],1 item,"Box 1, Folder 31",Seller: 林厚成 [LIN Houcheng] and 林厚祿 [Lin Houlu] and 林厚祥 [Lin Houxiang] -- Buyer: 葉成 [YE Cheng] -- Place: 福建省侯官縣 [Fujian Sheng Houguan Xian] -- Personal,https://digital.library.pitt.edu/islandora/object/pitt:31735066266374,https://digital.library.pitt.edu/node/83915/manifest
83916,pitt:31735066266382,1888/1913,1888,1913,Y,Government,古田,ok,福建省古田縣,,陸元規,陸元賜,0,1,1,,福建省古田縣 [Fujian Sheng Gutian Xian],1 item,"Box 2, Folder 66",Seller: 陸元規 [LU Yuangui] -- Buyer: 陸元賜 [LU Yuanci] -- Place: 福建省古田縣 [Fujian Sheng Gutian Xian] -- Government,https://digital.library.pitt.edu/islandora/object/pitt:31735066266382,https://digital.library.pitt.edu/node/83916/manifest
83917,pitt:31735066266390,1915,1915,1915,,Government,連江,ok,福建省連江縣,陳朝朋,,,1,0,0,,福建省連江縣 [Fujian Sheng lianjiang Xian],1 item,"Box 2, Folder 102",Owner: 陳朝朋 [CHEN Chaopeng] -- Place: 福建省連江縣 [Fujian Sheng lianjiang Xian] -- Government,https://digital.library.pitt.edu/islandora/object/pitt:31735066266390,https://digital.library.pitt.edu/node/83917/manifest
83918,pitt:31735066266408,1840,1840,1840,,Personal,閩清,ok,福建省閩清縣,陳行典,,,1,0,0,,福建省閩清縣 [Fujian Sheng Minqing Xian],1 item,"Box 1, Folder 27",Owner: 陳行典 [CHENG Xingdian] -- Place: 福建省閩清縣 [Fujian Sheng Minqing Xian] -- Personal,https://digital.library.pitt.edu/islandora/object/pitt:31735066266408,https://digital.library.pitt.edu/node/83918/manifest
83919,pitt:31735066266416,1888,1888,1888,,Government,閩侯（閩縣・侯官・林森）,ok,福建省閩縣,,陳必清,陳必泉,0,1,1,,福建省閩縣 [Fujian Sheng Min Xian],1 item,"Box 2, Folder 68",Seller: 陳必清 [CHEN Biqing] -- Buyer: 陳必泉 [CHEN Biquan] -- Place: 福建省閩縣 [Fujian Sheng Min Xian] -- Government,https://digital.library.pitt.edu/islandora/object/pitt:31735066266416,https://digital.library.pitt.edu/node/83919/manifest
83920,pitt:31735066266424,1873,1873,1873,,Government,閩侯（閩縣・侯官・林森）,ok,福建省閩縣,,吳開成,陳,0,1,1,,福建省閩縣 [Fujian Sheng Min Xian],1 item,"Box 2, Folder 53",Seller: 吳開成 [WU Kaicheng] -- Buyer: 陳 [CHEN] -- Place: 福建省閩縣 [Fujian Sheng Min Xian] -- Government,https://digital.library.pitt.edu/islandora/object/pitt:31735066266424,https://digital.library.pitt.edu/node/83920/manifest
83921,pitt:31735066266432,1946,1946,1946,,Government,閩侯（閩縣・侯官・林森）,ok,福建省林森縣,黃克動,,,1,0,0,,福建省林森縣 [Fujian Sheng Linsen Xian],1 item,"Box 3, Folder 170",Owner: 黃克動 [HUANG Kedong] -- Place: 福建省林森縣 [Fujian Sheng Linsen Xian] -- Government,https://digital.library.pitt.edu/islandora/object/pitt:31735066266432,https://digital.library.pitt.edu/node/83921/manifest
83922,pitt:31735066266440,1827/1850,1827,1850,Y,Government,連城,ok,福建省連城縣,慎方,,,1,0,0,,福建省連城縣 [Fujian Sheng Liancheng Xian],1 item,"Box 4, Folder 212",Owner: 慎方 [Shenfang] -- Place: 福建省連城縣 [Fujian Sheng Liancheng Xian] -- Government,https://digital.library.pitt.edu/islandora/object/pitt:31735066266440,https://digital.library.pitt.edu/node/83922/manifest
83924,pitt:31735066266457,1841,1841,1841,,Personal,,unlabeled,,,林忠 | 林榮,賴榮松,0,2,1,,Unknown,1 item,"Box 1, Folder 29",Seller: 林忠 [LIN Zhong] and 林榮[LIN Rong]-- Buyer: 賴榮松 [LAI Rongsong] -- Place: Unknown -- Personal,https://digital.library.pitt.edu/islandora/object/pitt:31735066266457,https://digital.library.pitt.edu/node/83924/manifest
83925,pitt:31735066266465,,,,,Government,閩侯（閩縣・侯官・林森）,ok,福建省閩縣,,吳秉鑒,謝,0,1,1,,福建省閩縣 [Fujian Sheng Min Xian],1 item,"Box 4, Folder 213",Seller: 吳秉鑒 [WU Bingjian] -- Buyer: 謝 [XIE] -- Place: 福建省閩縣 [Fujian Sheng Min Xian] -- Government,https://digital.library.pitt.edu/islandora/object/pitt:31735066266465,https://digital.library.pitt.edu/node/83925/manifest
83926,pitt:31735066266473,1868/1916,1868,1916,Y,Government,閩侯（閩縣・侯官・林森）,ok,福建省閩侯縣,,林邦端,程利欲 | 程利霖,0,1,2,,福建省閩侯縣 [Fujian Sheng Minhou Xian],1 item,"Box 1, Folder 44",Seller: 林邦端 [LIN Bangduan] -- Buyer: 程利欲 [Cheng Liyu] and 程利霖[Cheng Lilin] -- Place: 福建省閩侯縣 [Fujian Sheng Minhou Xian] -- Government,https://digital.library.pitt.edu/islandora/object/pitt:31735066266473,https://digital.library.pitt.edu/node/83926/manifest
83927,pitt:31735066266481,1945,1945,1945,,Government,閩侯（閩縣・侯官・林森）,ok,福建省林森縣,黃生官,,,1,0,0,,福建省林森縣 [Fujian Sheng Linsen Xian],1 item,"Box 3, Folder 168",Owner: 黃生官 [HUANG Shengguan] -- Place: 福建省林森縣 [Fujian Sheng Linsen Xian] -- Government,https://digital.library.pitt.edu/islandora/object/pitt:31735066266481,https://digital.library.pitt.edu/node/83927/manifest
83928,pitt:31735066266499,1946,1946,1946,,Government,閩侯（閩縣・侯官・林森）,ok,福建省林森縣,黃克動,,,1,0,0,,福建省林森縣 [Fujian Sheng Linsen Xian],1 item,"Box 4, Folder 171",Owner: 黃克動 [HUANG Kedong] -- Place: 福建省林森縣 [Fujian Sheng Linsen Xian] -- Government,https://digital.library.pitt.edu/islandora/object/pitt:31735066266499,https://digital.library.pitt.edu/node/83928/manifest
83929,pitt:31735066266507,1946,1946,1946,,Government,閩侯（閩縣・侯官・林森）,ok,福建省林森縣,黃森官等,,,1,0,0,,福建省林森縣 [Fujian Sheng Linsen Xian],1 item,"Box 4, Folder 172",Owner: 黃森官等 [HUANG Senguan etc.] -- Place: 福建省林森縣 [Fujian Sheng Linsen Xian] -- Government,https://digital.library.pitt.edu/islandora/object/pitt:31735066266507,https://digital.library.pitt.edu/node/83929/manifest
83930,pitt:31735066266515,1839,1839,1839,,Government,古田,ok,福建省古田縣,,葉國佑,紳,0,1,1,,福建省古田縣 [Fujian Sheng Gutian Xian],1 item,"Box 1, Folder 25",Seller: 葉國佑 [YE Guoyou] -- Buyer: 紳 [SHEN] -- Place: 福建省古田縣 [Fujian Sheng Gutian Xian] -- Government,https://digital.library.pitt.edu/islandora/object/pitt:31735066266515,https://digital.library.pitt.edu/node/83930/manifest
83931,pitt:31735066266523,1802,1802,1802,,Personal,閩清,ok,福建省閩清縣,,邱有本 | 邱有炳 | 邱傳學,,0,3,0,,福建省閩清縣 [Fujian Sheng Minqing Xian],1 item,"Box 1, Folder 12",Seller: 邱有本 [QIU Youben] 邱有炳 [QIU Youbing] and 邱傳學 [QIU Chuanxue] -- Place: 福建省閩清縣 [Fujian Sheng Minqing Xian] -- Personal,https://digital.library.pitt.edu/islandora/object/pitt:31735066266523,https://digital.library.pitt.edu/node/83931/manifest
83932,pitt:31735066266531,1913,1913,1913,,Government,閩清,ok,福建省閩清縣,,余德光,林聖魁,0,1,1,,福建省閩清縣 [Fujian Sheng Minqing Xian],1 item,"Box 2, Folder 98",Seller: 余德光 [YU Deguang] -- Buyer: 林聖魁 [LIN Shengkui] -- Place: 福建省閩清縣 [Fujian Sheng Minqing Xian] -- Government,https://digital.library.pitt.edu/islandora/object/pitt:31735066266531,https://digital.library.pitt.edu/node/83932/manifest
83933,pitt:31735066266549,1927/1928,1927,1928,Y,Government,閩清,ok,福建省閩清縣,,文鳳,,0,1,0,,福建省閩清縣 [Fujian Sheng Minqing Xian],1 item,"Box 3, Folder 131",Seller: 文鳳 [WEN Feng] -- Place: 福建省閩清縣 [Fujian Sheng Minqing Xian] -- Government,https://digital.library.pitt.edu/islandora/object/pitt:31735066266549,https://digital.library.pitt.edu/node/83933/manifest
83934,pitt:31735066266556,1840/1937,1840,1937,Y,Government,閩清,ok,福建省閩清縣,,劉孝良,林高滿,0,1,1,,福建省閩清縣 [Fujian Sheng Minqing Xian],1 item,"Box 1, Folder 28",Seller: 劉孝良 [LIU Xiaoliang] -- Buyer: 林高滿 [LIN Gaoman] -- Place: 福建省閩清縣 [Fujian Sheng Minqing Xian] -- Government,https://digital.library.pitt.edu/islandora/object/pitt:31735066266556,https://digital.library.pitt.edu/node/83934/manifest
83935,pitt:31735066266564,1934/1940,1934,1940,Y,Government,閩侯（閩縣・侯官・林森）,ok,福建省閩侯縣,,黃懷周,邵李氏,0,1,1,,福建省閩侯縣 [Fujian Sheng Minhou Xian],1 item,"Box 3, Folder 151",Seller: 黃懷周 [HUANG Huaizhou] -- Buyer: 邵李氏 [Shaolishi] -- Place: 福建省閩侯縣 [Fujian Sheng Minhou Xian] -- Government,https://digital.library.pitt.edu/islandora/object/pitt:31735066266564,https://digital.library.pitt.edu/node/83935/manifest
83936,pitt:31735066266572,1829,1829,1829,,Personal,,unlabeled,,,陳國遠,葉宜全保票人,0,1,1,,,1 item,"Box 1, Folder 22",Seller: 陳國遠（立票人） [CHENG Guoyuan] -- Buyer: 葉宜全（保票人） [YE Yiquan] -- Personal,https://digital.library.pitt.edu/islandora/object/pitt:31735066266572,https://digital.library.pitt.edu/node/83936/manifest
83937,pitt:31735066266580,1829,1829,1829,,Personal,,unlabeled,,,陳國遠,葉宜全保票人,0,1,1,,,1 item,"Box 1, Folder 21",Seller: 陳國遠（立票人） [CHENG Guoyuan] -- Buyer: 葉宜全（保票人） [YE Yiquan] -- Personal,https://digital.library.pitt.edu/islandora/object/pitt:31735066266580,https://digital.library.pitt.edu/node/83937/manifest
83938,pitt:31735066266598,1945,1945,1945,,Personal,,unresolved,福建省上竹林,,林明尊,陳功存,0,1,1,,福建省上竹林 [Fujian Sheng Shangzhulin],1 item,"Box 3, Folder 169",Seller: 林明尊 [LIN Mingzun] -- Buyer: 陳功存 [CHEN Gongcun] -- Place: 福建省上竹林 [Fujian Sheng Shangzhulin] -- Personal,https://digital.library.pitt.edu/islandora/object/pitt:31735066266598,https://digital.library.pitt.edu/node/83938/manifest
83940,pitt:31735066266606,,,,,Personal,,unresolved,福建省清源縣,,道楷,咸宜,0,1,1,,福建省(清源縣?) [Fujian Sheng (Qingyuan Xian?)],1 item,"Box 3, Folder 135",Seller: 道楷 [Daokai] -- Buyer: 咸宜 [Xianyi] -- Place: 福建省(清源縣?) [Fujian Sheng (Qingyuan Xian?)] -- Personal,https://digital.library.pitt.edu/islandora/object/pitt:31735066266606,https://digital.library.pitt.edu/node/83940/manifest
83941,pitt:31735066266614,,,,,Personal,,unresolved,福建省清源縣,,昌宜,咸宜,0,1,1,,福建省（清源縣?） [Fujian Sheng (Qingyuan Xian?)],1 item,"Box 3, Folder 133",Seller: 昌宜 [Changyi] -- Buyer: 咸宜 [Xianyi] -- Place: 福建省（清源縣?） [Fujian Sheng (Qingyuan Xian?)] -- Personal,https://digital.library.pitt.edu/islandora/object/pitt:31735066266614,https://digital.library.pitt.edu/node/83941/manifest
83942,pitt:31735066266622,1936,1936,1936,,Personal,閩侯（閩縣・侯官・林森）,ok,福建省閩侯縣,,陳欽隆,陳欽瑞,0,1,1,,福建省閩侯縣 [Fujian Sheng Minhou Xian],1 item,"Box 3, Folder 157",Seller: 陳欽隆 [CHEN Qinlong] -- Buyer: 陳欽瑞 [CHEN Qinrui] -- Place: 福建省閩侯縣 [Fujian Sheng Minhou Xian] -- Personal,https://digital.library.pitt.edu/islandora/object/pitt:31735066266622,https://digital.library.pitt.edu/node/83942/manifest
83943,pitt:31735066266630,1941,1941,1941,,Personal,,unresolved,福建省,,陳老鳳,陳玉書,0,1,1,,福建省 [Fujian Sheng],1 item,"Box 3, Folder 163",Seller: 陳老鳳 [CHEN Laofeng] -- Buyer: 陳玉書 [CHEN Yushu] -- Place: 福建省 [Fujian Sheng] -- Personal,https://digital.library.pitt.edu/islandora/object/pitt:31735066266630,https://digital.library.pitt.edu/node/83943/manifest
83944,pitt:31735066266648,1879,1879,1879,,Personal,,unlabeled,,,康宗瑞,陳連孫,0,1,1,,,1 item,"Box 2, Folder 56",Seller: 康宗瑞 [KANG Zongrui] -- Buyer: 陳連孫 [CHEN Liansun] -- Personal,https://digital.library.pitt.edu/islandora/object/pitt:31735066266648,https://digital.library.pitt.edu/node/83944/manifest
83945,pitt:31735066266655,1932,1932,1932,,Personal,福清,ok,福建省福清縣,,欽源,陳欽瑞,0,1,1,,福建省福清縣 [Fujian Sheng Fuqing Xian],1 item,"Box 3, Folder 147",Seller: 欽源 [Qinyuan] -- Buyer: 陳欽瑞 [CHEN Qinrui] -- Place: 福建省福清縣 [Fujian Sheng Fuqing Xian] -- Personal,https://digital.library.pitt.edu/islandora/object/pitt:31735066266655,https://digital.library.pitt.edu/node/83945/manifest
83946,pitt:31735066266663,1936,1936,1936,,Personal,,unresolved,福建省,,陳欽隆,陳欽瑞,0,1,1,,福建省 [Fujian Sheng],1 item,"Box 3, Folder 158",Seller: 陳欽隆 [CHEN Qinlong] -- Buyer: 陳欽瑞 [CHEN Qinrui] -- Place: 福建省 [Fujian Sheng] -- Personal,https://digital.library.pitt.edu/islandora/object/pitt:31735066266663,https://digital.library.pitt.edu/node/83946/manifest
83947,pitt:31735066266671,1936,1936,1936,,Personal,,unresolved,福建省,,陳欽隆,陳欽瑞,0,1,1,,福建省 [Fujian Sheng],1 item,"Box 3, Folder 156",Seller: 陳欽隆 [CHEN Qinlong] -- Buyer: 陳欽瑞 [CHEN Qinrui] -- Place: 福建省 [Fujian Sheng] -- Personal,https://digital.library.pitt.edu/islandora/object/pitt:31735066266671,https://digital.library.pitt.edu/node/83947/manifest
83948,pitt:31735066266689,1926,1926,1926,,Government,,unresolved,福建省,,朝官,文鳳,0,1,1,,福建省 [Fujian Sheng],1 item,"Box 3, Folder 126",Seller: 朝官 [Chaoguan] -- Buyer: 文鳳 [Wenfeng] -- Place: 福建省 [Fujian Sheng] -- Government,https://digital.library.pitt.edu/islandora/object/pitt:31735066266689,https://digital.library.pitt.edu/node/83948/manifest
83949,pitt:31735066266697,1927,1927,1927,,Personal,,unlabeled,,,黃丁荃,黃花蘭租客,0,1,1,,,1 item,"Box 3, Folder 130",Seller: 黃丁荃 [HUANG Dingquan] -- Buyer: 黃花?蘭(租客) [HUANG Hua?lan] -- Personal,https://digital.library.pitt.edu/islandora/object/pitt:31735066266697,https://digital.library.pitt.edu/node/83949/manifest
83950,pitt:31735066266705,1805/1808,1805,1808,Y,Personal,,unlabeled,,,黃隆貫,陳國龍,0,1,1,,,1 item,"Box 1, Folder 15",Seller: 黃隆貫 [HUANG Longguan] -- Buyer: 陳國遠代陳國龍 [CHEN Huoyuan represents CHEN Guolong] -- Personal,https://digital.library.pitt.edu/islandora/object/pitt:31735066266705,https://digital.library.pitt.edu/node/83950/manifest
83951,pitt:31735066266713,1928,1928,1928,,Government,永泰（永福）,ok,福建省永泰縣,黃乞容,,,1,0,0,,福建省永泰縣 [Fujian Sheng Yongtai Xian],1 item,"Box 3, Folder 136",Owner: 黃乞容 [HUANG Qirong] -- Place: 福建省永泰縣 [Fujian Sheng Yongtai Xian] -- Government,https://digital.library.pitt.edu/islandora/object/pitt:31735066266713,https://digital.library.pitt.edu/node/83951/manifest
83952,pitt:31735066266721,1931,1931,1931,,Government,永泰（永福）,ok,福建省永泰縣,黃乞容,,,1,0,0,,福建省永泰縣 [Fujian Sheng Yongtai Xian],1 item,"Box 3, Folder 143",Owner: 黃乞容 [HUANG Qirong] -- Place: 福建省永泰縣 [Fujian Sheng Yongtai Xian] -- Government,https://digital.library.pitt.edu/islandora/object/pitt:31735066266721,https://digital.library.pitt.edu/node/83952/manifest
83953,pitt:31735066266739,1900,1900,1900,,Government,永安,ok,福建省永安縣,沈齊,,,1,0,0,,福建省永安縣 [Fujian Sheng Yongan Xian],1 item,"Box 2, Folder 83",Owner: 沈齊 [SHEN Qi] -- Place: 福建省永安縣 [Fujian Sheng Yongan Xian] -- Government,https://digital.library.pitt.edu/islandora/object/pitt:31735066266739,https://digital.library.pitt.edu/node/83953/manifest
83955,pitt:31735066266747,1926,1926,1926,,Government,永泰（永福）,ok,福建省永泰縣,黃同華,,,1,0,0,,福建省永泰縣 [Fujian Sheng Yongtai Xian],1 item,"Box 3, Folder 127",Owner: 黃同華 [HUANG Tonghua] -- Place: 福建省永泰縣 [Fujian Sheng Yongtai Xian] -- Government,https://digital.library.pitt.edu/islandora/object/pitt:31735066266747,https://digital.library.pitt.edu/node/83955/manifest
83956,pitt:31735066266754,1952,1952,1952,,Government,晉江,ok,福建省晉江縣,林宗 | 吳淑珍 | 林涯 | 林貢,,,4,0,0,,福建省晉江縣 [Fujian Sheng Jinjiang Xian],1 item,"Box 4, Folder 196",Owner: 林宗 [LIN Zong] 吳淑珍 [WU Shuzhen] 林涯 [ LIN Ya] and 林貢 [LIN Gong] -- Place: 福建省晉江縣 [Fujian Sheng Jinjiang Xian] -- Government,https://digital.library.pitt.edu/islandora/object/pitt:31735066266754,https://digital.library.pitt.edu/node/83956/manifest
83957,pitt:31735066266762,1935,1935,1935,,Government,建陽,ok,福建省建陽縣,劉德桂 | 劉德輝 | 劉如慶 | 劉景星,,,4,0,0,,福建省建陽縣 [Fujian Sheng Jianyang Xian],1 item,"Box 3, Folder 152",Owner: 劉德桂 [LIU Degui] 劉德輝 [LIU Dehui] 劉如慶 [LIU Ruqing] and 劉景星 [LIU Jingxing] -- Place: 福建省建陽縣 [Fujian Sheng Jianyang Xian] -- Government,https://digital.library.pitt.edu/islandora/object/pitt:31735066266762,https://digital.library.pitt.edu/node/83957/manifest
83958,pitt:31735066267414,1953,1953,1953,,Government,,non_fujian,四川省合川縣,李銀山,,,1,0,0,,四川省合川縣 [Sichuan Sheng Hechuan Xian],1 item,"Box 4, Folder 202",Owner: 李銀山 [LI Yinshan] -- Place: 四川省合川縣 [Sichuan Sheng Hechuan Xian] -- Government,https://digital.library.pitt.edu/islandora/object/pitt:31735066267414,https://digital.library.pitt.edu/node/83958/manifest
83959,pitt:31735066267422,1952,1952,1952,,Government,晉江,ok,福建省晉江縣,施性固 | 顏蒜 | 施能鎖 | 施松柏,,,4,0,0,,福建省晉江縣 [Fujian Sheng Jinjiang Xian],1 item,"Box 4, Folder 197",Owner: 施性固 [SHI Xinggu] 顏蒜 [YAN Suan] 施能鎖 [SHI Nengsuo] and 施松柏 [SHI Songbai] -- Place: 福建省晉江縣 [Fujian Sheng Jinjiang Xian] -- Government,https://digital.library.pitt.edu/islandora/object/pitt:31735066267422,https://digital.library.pitt.edu/node/83959/manifest
83960,pitt:31735066267430,1953,1953,1953,,Government,晉江,ok,福建省晉江縣,,陳佃,施至尚,0,1,1,,福建省晉江縣 [Fujian Sheng Jinjiang Xian],1 item,"Box 4, Folder 203",Seller: 陳佃 [CHEN Dian] -- Buyer: 施至尚 [SHI Zhishang] -- Place: 福建省晉江縣 [Fujian Sheng Jinjiang Xian] -- Government,https://digital.library.pitt.edu/islandora/object/pitt:31735066267430,https://digital.library.pitt.edu/node/83960/manifest
83961,pitt:31735066267448,,,,,Personal,,unlabeled,,,黃志林,劉子珜,0,1,1,,,1 item,"Box 1, Folder 38",Seller: 黃志林 [HUANG Zhilin] -- Buyer: 劉子珜 [LIU Ziyang] -- Personal,https://digital.library.pitt.edu/islandora/object/pitt:31735066267448,https://digital.library.pitt.edu/node/83961/manifest
83962,pitt:31735066267455,1951,1951,1951,,Government,南安,ok,福建省南安縣,王萃延,,,1,0,0,,福建省南安縣 [Fujian Sheng Nan'an Xian],1 item,"Box 4, Folder 194",Owner: 王萃延 [WANG Cuiyan] -- Place: 福建省南安縣 [Fujian Sheng Nan'an Xian] -- Government,https://digital.library.pitt.edu/islandora/object/pitt:31735066267455,https://digital.library.pitt.edu/node/83962/manifest
83963,pitt:31735066267463,1952,1952,1952,,Government,南安,ok,福建省南安縣,黃滑 | 黃嚕 | 黃世 | 連芳,,,4,0,0,,福建省南安縣 [Fujian Sheng Nan'an Xian],1 item,"Box 4, Folder 200",Owner: 黃滑 [HUANG Hua] 黃嚕 [ HUANG Lu] 黃世 [HUANG Shi] and 連芳 [LIAN Fang] -- Place: 福建省南安縣 [Fujian Sheng Nan'an Xian] -- Government,https://digital.library.pitt.edu/islandora/object/pitt:31735066267463,https://digital.library.pitt.edu/node/83963/manifest
83964,pitt:31735066267471,1813,1813,1813,,Government,建陽,ok,福建省建陽縣,,劉欽達違,劉王建,0,1,1,,福建省建陽縣 [Fujian Sheng Jianyang Xian],1 item,"Box 1, Folder 18",Seller: 劉欽達(違) [LIU Qinda(wei)] -- Buyer: 劉王建 [LIU Wangjian] -- Place: 福建省建陽縣 [Fujian Sheng Jianyang Xian] --Government,https://digital.library.pitt.edu/islandora/object/pitt:31735066267471,https://digital.library.pitt.edu/node/83964/manifest
83965,pitt:31735066267489,1928/1935,1928,1935,Y,Government,閩侯（閩縣・侯官・林森）,ok,福建省閩侯縣,,張國光,張國寶,0,1,1,,福建省閩侯縣 [Fujian Sheng Minhou Xian],1 item,"Box 3, Folder 132",Seller: 張國光 [ZHANG Guoguang] -- Buyer: 張國寶 [ZHANG Guobao] -- Place: 福建省閩侯縣 [Fujian Sheng Minhou Xian] -- Government,https://digital.library.pitt.edu/islandora/object/pitt:31735066267489,https://digital.library.pitt.edu/node/83965/manifest
83966,pitt:31735066267497,1953,1953,1953,,Government,東山,ok,福建省東山縣,,方圍九,林武,0,1,1,,福建省東山縣 [Fujian Sheng Dongshan Xian],1 item,"Box 4, Folder 204",Seller: 方圍九 [FANG Weijiu] -- Buyer: 林武 [LIN Wu] -- Place: 福建省東山縣 [Fujian Sheng Dongshan Xian] -- Government,https://digital.library.pitt.edu/islandora/object/pitt:31735066267497,https://digital.library.pitt.edu/node/83966/manifest
83967,pitt:31735066267505,1954,1954,1954,,Government,東山,ok,福建省東山縣,,林清,陳蕃薯,0,1,1,,福建省東山縣 [Fujian Sheng Dongshan Xian],1 item,"Box 4, Folder 209",Seller: 林清 [LIN Qing] -- Buyer: 陳蕃薯 [CHEN Fanshu] -- Place: 福建省東山縣 [Fujian Sheng Dongshan Xian] -- Government,https://digital.library.pitt.edu/islandora/object/pitt:31735066267505,https://digital.library.pitt.edu/node/83967/manifest
83968,pitt:31735066267513,1921,1921,1921,,Government,,unlabeled,,,姚望兌 | 姚望駀,,0,2,0,,,1 item,"Box 3, Folder 116",Seller: 姚望兌 [YAO Wangdui] and 姚望駀 [YAO Wangyou] -- Government,https://digital.library.pitt.edu/islandora/object/pitt:31735066267513,https://digital.library.pitt.edu/node/83968/manifest
83969,pitt:31735066267521,1934,1934,1934,,Government,閩侯（閩縣・侯官・林森）,ok,福建省閩侯縣,,林述璋,林學通,0,1,1,,福建省閩侯縣 [Fujian Sheng Minhou Xian],1 item,"Box 3, Folder 150",Seller: 林述璋 [LIN Shuzhang] -- Buyer: 林學通 [LIN Xuetong] -- Place: 福建省閩侯縣 [Fujian Sheng Minhou Xian] -- Government,https://digital.library.pitt.edu/islandora/object/pitt:31735066267521,https://digital.library.pitt.edu/node/83969/manifest
83971,pitt:31735066267539,1953,1953,1953,,Government,晉江,ok,福建省晉江縣,,陳佃,施至尚,0,1,1,,福建省晉江縣 [Fujian Sheng Jinjiang Xian],1 item,"Box 4, Folder 208",Seller: 陳佃 [CHEN Dian] -- Buyer: 施至尚 [SHI Zhishan] -- Place: 福建省晉江縣 [Fujian Sheng Jinjiang Xian] -- Government,https://digital.library.pitt.edu/islandora/object/pitt:31735066267539,https://digital.library.pitt.edu/node/83971/manifest
83972,pitt:31735066267547,1947/1952,1947,1952,Y,Government,東山,ok,福建省東山縣,,黃榮森,黃煌,0,1,1,,福建省東山縣 [Fujian Sheng Dongshan Xian],1 item,"Box 4, Folder 188",Seller: 黃榮森 [HUANG Rongsen] -- Buyer: 黃煌 [HUANG Huang] -- Place: 福建省東山縣 [Fujian Sheng Dongshan Xian] -- Government,https://digital.library.pitt.edu/islandora/object/pitt:31735066267547,https://digital.library.pitt.edu/node/83972/manifest
83973,pitt:31735066267554,1943/1952,1943,1952,Y,Government,東山,ok,福建省東山縣,,黃炮,沈秀清,0,1,1,,福建省東山縣 [Fujian Sheng Dongshan Xian],1 item,"Box 3, Folder 166",Seller: 黃炮 [HUANG Pao] -- Buyer: 沈秀清 [SHEN Xiuqing] -- Place: 福建省東山縣 [Fujian Sheng Dongshan Xian] -- Government,https://digital.library.pitt.edu/islandora/object/pitt:31735066267554,https://digital.library.pitt.edu/node/83973/manifest
83974,pitt:31735066267562,1953,1953,1953,,Government,晉江,ok,福建省晉江縣,,陳佃,施至尚,0,1,1,,福建省晉江縣 [Fujian Sheng Jinjiang Xian],1 item,"Box 4, Folder 205",Seller: 陳佃 [CHEN Dian] -- Buyer: 施至尚 [SHI Zhishang] -- Place: 福建省晉江縣 [Fujian Sheng Jinjiang Xian] -- Government,https://digital.library.pitt.edu/islandora/object/pitt:31735066267562,https://digital.library.pitt.edu/node/83974/manifest
83975,pitt:31735066267570,1935/1953,1935,1953,Y,Government,晉江,ok,福建省晉江縣,林親顶,陳佃,施至祥,1,1,1,,福建省晉江縣 [Fujian Sheng Jinjiang Xian],1 item,"Box 3, Folder 155",Owner: 林親顶 [LIN Qinding] -- Seller: 陳佃 [CHEN Dian] -- Buyer: 施至祥 [SHI Zhixiang] -- Place: 福建省晉江縣 [Fujian Sheng Jinjiang Xian] -- Government,https://digital.library.pitt.edu/islandora/object/pitt:31735066267570,https://digital.library.pitt.edu/node/83975/manifest
83976,pitt:31735066267588,1910/1915,1910,1915,Y,Government,閩侯（閩縣・侯官・林森）,ok,福建省閩侯縣,,王昌年,李學堃,0,1,1,,福建省閩侯縣 [Fujian Sheng Minhou Xian],1 item,"Box 2, Folder 93",Seller: 王昌年 [WANG Changnian] -- Buyer: 李學堃 [LI Xuekun] -- Place: 福建省閩侯縣 [Fujian Sheng Minhou Xian] -- Government,https://digital.library.pitt.edu/islandora/object/pitt:31735066267588,https://digital.library.pitt.edu/node/83976/manifest
83977,pitt:31735066267596,1925/1943,1925,1943,Y,Government,永泰（永福）,ok,福建省永泰縣,,金輯和,金信江,0,1,1,,福建省永泰縣 [Fujian Sheng Yongtai Xian],1 item,"Box 3, Folder 125",Seller: 金輯和 [JIN Jihe] -- Buyer: 金信江 [JIN Xinjiang] -- Place: 福建省永泰縣 [Fujian Sheng Yongtai Xian] -- Government,https://digital.library.pitt.edu/islandora/object/pitt:31735066267596,https://digital.library.pitt.edu/node/83977/manifest
83978,pitt:31735066267604,1953,1953,1953,,Government,,non_fujian,雲南省鶴慶縣,李文富,,,1,0,0,,雲南省鶴慶縣 [Yunnan Sheng Heqing Xian],1 item,"Box 4, Folder 206",Owner: 李文富 [LI Wenfu] -- Place: 雲南省鶴慶縣 [Yunnan Sheng Heqing Xian] -- Government,https://digital.library.pitt.edu/islandora/object/pitt:31735066267604,https://digital.library.pitt.edu/node/83978/manifest
83979,pitt:31735066267612,1952,1952,1952,,Government,邵武,ok,福建邵武縣,李水旺 | 陳連玉 | 李義妹 | 李義草,,,4,0,0,,福建邵武縣 [Fujian Sheng Shaowu Xian],1 item,"Box 4, Folder 201",Owner: 李水旺 [LI Shuiwang] 陳連玉 [CHEN Lianyu] 李義妹 [LI Yimei] and 李義草 [LI Yicao] -- Place: 福建邵武縣 [Fujian Sheng Shaowu Xian] -- Government,https://digital.library.pitt.edu/islandora/object/pitt:31735066267612,https://digital.library.pitt.edu/node/83979/manifest
83980,pitt:31735066267620,1889,1889,1889,,Personal,閩侯（閩縣・侯官・林森）,ok,福建省閩邑,,黃振發,高,0,1,1,,福建省閩邑 [Fujian Sheng Min Xian],1 item,"Box 2, Folder 70",Seller: 黃振發 [HUANG Zhenfa] -- Buyer: 高 [GAO] -- Place: 福建省閩邑 [Fujian Sheng Min Xian] -- Personal,https://digital.library.pitt.edu/islandora/object/pitt:31735066267620,https://digital.library.pitt.edu/node/83980/manifest
83981,pitt:31735066267638,,,,,Government,閩侯（閩縣・侯官・林森）,ok,福建省閩邑,,陳燦祥,吳右嚴,0,1,1,,福建省閩邑 [Fujian Sheng Min Xian],1 item,"Box 2, Folder 106",Seller: 陳燦祥 [CHEN Canxiang] -- Buyer: 吳右嚴？ [WU Youyan?] -- Place: 福建省閩邑 [Fujian Sheng Min Xian] -- Government,https://digital.library.pitt.edu/islandora/object/pitt:31735066267638,https://digital.library.pitt.edu/node/83981/manifest
83982,pitt:31735066267646,1909,1909,1909,,Government,建陽,ok,福建省建陽縣,,何金盛,何振華,0,1,1,,福建省建陽縣 [Fujian Sheng Jianyang Xian],1 item,"Box 2, Folder 89",Seller: 何金盛 [HE Jinsheng] -- Buyer: 何振華 [HE Zhenhua] -- Place: 福建省建陽縣 [Fujian Sheng Jianyang Xian] -- Government,https://digital.library.pitt.edu/islandora/object/pitt:31735066267646,https://digital.library.pitt.edu/node/83982/manifest
83983,pitt:31735066267653,1949,1949,1949,,Government,,unresolved,華東,,,,0,0,0,,華東 [Huadong(East China)],1 item,"Box 4, Folder 190",Place: 華東 [Huadong(East China)] -- Government,https://digital.library.pitt.edu/islandora/object/pitt:31735066267653,https://digital.library.pitt.edu/node/83983/manifest
83984,pitt:31735066267661,1953,1953,1953,,Government,,non_fujian,四川省榮縣,藍福良,,,1,0,0,,四川省榮縣 [Sichuan Sheng Rong Xian],1 item,"Box 4, Folder 207",Owner: 藍福良 [LAN Fuliang] -- Place: 四川省榮縣 [Sichuan Sheng Rong Xian] -- Government,https://digital.library.pitt.edu/islandora/object/pitt:31735066267661,https://digital.library.pitt.edu/node/83984/manifest
83986,pitt:31735066267679,1949/1952,1949,1952,Y,Government,東山,ok,福建省東山縣,,林定宗林登宗,余溪,0,1,1,,福建省東山縣 [Fujian Sheng Dongshan Xian],1 item,"Box 4, Folder 192",Seller: 林定宗（林登宗？） [LIN Ding(Deng)zong] -- Buyer: 余溪 [YU Xi] -- Place: 福建省東山縣 [Fujian Sheng Dongshan Xian] -- Government,https://digital.library.pitt.edu/islandora/object/pitt:31735066267679,https://digital.library.pitt.edu/node/83986/manifest
83987,pitt:31735066267687,,,,,Personal,,unlabeled,,,王志撥,陳,0,1,1,,,1 item,"Box 1, Folder 20",Seller: 王志撥？ [WANG Zhibo] -- Buyer: 陳 [CHEN] -- Personal,https://digital.library.pitt.edu/islandora/object/pitt:31735066267687,https://digital.library.pitt.edu/node/83987/manifest
83988,pitt:31735066267695,1939,1939,1939,,Government,永泰（永福）,ok,福建省永泰縣,林施裕,,,1,0,0,,福建省永泰縣 [Fujian Sheng Yongtai Xian],1 item,"Box 3, Folder 161",Owner: 林施裕 [LIN Shiyu] -- Place: 福建省永泰縣 [Fujian Sheng Yongtai Xian] -- Government,https://digital.library.pitt.edu/islandora/object/pitt:31735066267695,https://digital.library.pitt.edu/node/83988/manifest
83989,pitt:31735066267703,1921,1921,1921,,Government,閩侯（閩縣・侯官・林森）,ok,福建省閩侯縣,,林祥德,張經炎,0,1,1,,福建省閩侯縣 [Fujian Sheng Minhou Xian],1 item,"Box 3, Folder 114",Seller: 林祥德 [LIN Xiangde] -- Buyer: 張經炎 [ZHANG Jingyan] -- Place: 福建省閩侯縣 [Fujian Sheng Minhou Xian] -- Government,https://digital.library.pitt.edu/islandora/object/pitt:31735066267703,https://digital.library.pitt.edu/node/83989/manifest
83990,pitt:31735066267711,1659,1659,1659,,Personal,,unlabeled,,,范南山,,0,1,0,,,1 item,"Box 1, Folder 2",Seller: 范南山 [FAN Nanshan] -- Personal,https://digital.library.pitt.edu/islandora/object/pitt:31735066267711,https://digital.library.pitt.edu/node/83990/manifest
83991,pitt:31735066267729,1678,1678,1678,,Government,,unlabeled,,,徐正耀,,0,1,0,,unknown,1 item,"Box 1, Folder 3",Seller: 徐正耀 [XU Zhengyao] -- Place: unknown -- Government,https://digital.library.pitt.edu/islandora/object/pitt:31735066267729,https://digital.library.pitt.edu/node/83991/manifest
83992,pitt:31735066267737,1869,1869,1869,,Personal,,unlabeled,,,黃奶壽,,0,1,0,,,1 item,"Box 1, Folder 45",Seller: 黃奶壽 [HUANG Naishou] -- Personal,https://digital.library.pitt.edu/islandora/object/pitt:31735066267737,https://digital.library.pitt.edu/node/83992/manifest
83993,pitt:31735066267745,1952,1952,1952,,Government,東山,ok,福建省東山縣,,朱發,,0,1,0,,福建省東山縣 [Fujian Sheng Dongshan Xian],1 item,"Box 4, Folder 198",Seller: 朱發 [ZHU Fa ] -- Place: 福建省東山縣 [Fujian Sheng Dongshan Xian] -- Government,https://digital.library.pitt.edu/islandora/object/pitt:31735066267745,https://digital.library.pitt.edu/node/83993/manifest
83994,pitt:31735066267752,1952,1952,1952,,Government,東山,ok,福建省東山縣,,孫宗馨,,0,1,0,,福建省東山縣 [Fujian Sheng Dongshan Xian],1 item,"Box 4, Folder 199",Seller: 孫宗馨 [SUN Zongxin ] -- Place: 福建省東山縣 [Fujian Sheng Dongshan Xian] -- Government,https://digital.library.pitt.edu/islandora/object/pitt:31735066267752,https://digital.library.pitt.edu/node/83994/manifest
83995,pitt:31735066267760,1916,1916,1916,,Government,閩清,ok,福建省閩清縣,,長忠,,0,1,0,,福建省閩清縣 [Fujian Sheng Minqing Xian],1 item,"Box 2, Folder 104",Seller: 長忠 [Changzhong] -- Place: 福建省閩清縣 [Fujian Sheng Minqing Xian] -- Government,https://digital.library.pitt.edu/islandora/object/pitt:31735066267760,https://digital.library.pitt.edu/node/83995/manifest
83996,pitt:31735066267778,1949,1949,1949,,Government,,non_fujian,遼寧省新金縣,嬌世范,,,1,0,0,,遼寧省新金縣 [Liaoning Sheng Xinjin Xian],1 item,"Box 4, Folder 189",Owner: 嬌世范 [JIAO Shifan] -- Place: 遼寧省新金縣 [Liaoning Sheng Xinjin Xian] -- Government,https://digital.library.pitt.edu/islandora/object/pitt:31735066267778,https://digital.library.pitt.edu/node/83996/manifest
83997,pitt:31735066267786,1584,1584,1584,,Personal,連城,ok,福建省連城縣,張炳財,,,1,0,0,,福建省連城縣 [Fujian Sheng Liancheng Xian],1 item,"Box 1, Folder 1",Owner: 張炳財 [ZHANG Bingcai] -- Place: 福建省連城縣 [Fujian Sheng Liancheng Xian] -- Personal,https://digital.library.pitt.edu/islandora/object/pitt:31735066267786,https://digital.library.pitt.edu/node/83997/manifest
83998,pitt:31735066267794,1949/1952,1949,1952,Y,Government,東山,ok,福建省東山縣,,劉隹,沙延德,0,1,1,,福建省東山縣 [Fujian Sheng Dongshan Xian],1 item,"Box 4, Folder 193",Seller: 劉隹 [LIU Zhui] -- Buyer: 沙延德 [SHA Yande] -- Place: 福建省東山縣 [Fujian Sheng Dongshan Xian] -- Government,https://digital.library.pitt.edu/islandora/object/pitt:31735066267794,https://digital.library.pitt.edu/node/83998/manifest
83999,pitt:31735066267802,1854/1913,1854,1913,Y,Government,閩侯（閩縣・侯官・林森）,ok,福建省閩侯縣和侯官縣,葉成,林厚成,葉成,1,1,1,,福建省閩侯縣和侯官縣[Fujian Sheng Minhou Xian and Houguan Xian],1 item,"Box 1, Folder 34",Owner: 葉成 [YE Cheng] --Seller: 林厚成 [LIN Houcheng] -- Buyer: 葉成 [YE Cheng] -- Place: 福建省閩侯縣和侯官縣[Fujian Sheng Minhou Xian and Houguan Xian] -- Government,https://digital.library.pitt.edu/islandora/object/pitt:31735066267802,https://digital.library.pitt.edu/node/83999/manifest
84000,pitt:31735066267810,1892/1894,1892,1894,Y,Government,,unresolved,福建省,陳亮 | 李清,,,2,0,0,,福建省 [Fujian Sheng],1 item,"Box 2, Folder 75",Owner: 陳亮 [CHEN Liang] and 李清 [LI Qing] -- Place: 福建省 [Fujian Sheng] -- Government,https://digital.library.pitt.edu/islandora/object/pitt:31735066267810,https://digital.library.pitt.edu/node/84000/manifest
84002,pitt:31735066267828,1886/1913,1886,1913,Y,Government,閩侯（閩縣・侯官・林森）,ok,福建省閩侯縣,,王師禮,許大華,0,1,1,,福建省閩侯縣 [Fujian Sheng Minhou Xian],1 item,"Box 2, Folder 62",Seller: 王師禮 [WANG Shili] -- Buyer: 許大華 [XU Dahua] -- Place: 福建省閩侯縣 [Fujian Sheng Minhou Xian] -- Government,https://digital.library.pitt.edu/islandora/object/pitt:31735066267828,https://digital.library.pitt.edu/node/84002/manifest
84003,pitt:31735066267836,1909,1909,1909,,Government,,unlabeled,,,熾原,尚堃,0,1,1,,unknown,1 item,"Box 2, Folder 90",Seller: 熾原 [Chiyuan] -- Buyer: 尚堃 [Shangkun] -- Place: unknown -- Government,https://digital.library.pitt.edu/islandora/object/pitt:31735066267836,https://digital.library.pitt.edu/node/84003/manifest
84004,pitt:31735066267844,1782,1782,1782,,Personal,,unlabeled,,,可翅,,0,1,0,,unknown,1 item,"Box 1, Folder 10",Seller: 可翅 [KE Chi] -- Place: unknown --Personal,https://digital.library.pitt.edu/islandora/object/pitt:31735066267844,https://digital.library.pitt.edu/node/84004/manifest
84005,pitt:31735066267851,1903,1903,1903,,Personal,,unlabeled,,,林與清,,0,1,0,,unknown,1 item,"Box 2, Folder 84",Seller: 林與清 [LIN Yuqing] -- Place: unknown --Personal,https://digital.library.pitt.edu/islandora/object/pitt:31735066267851,https://digital.library.pitt.edu/node/84005/manifest
84006,pitt:31735066267869,1929,1929,1929,,Government,閩侯（閩縣・侯官・林森）,ok,福建省閩侯縣,陳傳京,陈成餘,,1,1,0,,福建省閩侯縣 [Fujian Sheng Minhou Xian],1 item,"Box 3, Folder 140",Owner: 陳傳京 [CHEN Chuanjing] -- Seller: 陈成餘 [CHEN Chengyu] -- Place: 福建省閩侯縣 [Fujian Sheng Minhou Xian] -- Government,https://digital.library.pitt.edu/islandora/object/pitt:31735066267869,https://digital.library.pitt.edu/node/84006/manifest
84007,pitt:31735066267877,1951,1951,1951,,Government,閩侯（閩縣・侯官・林森）,ok,福建省閩侯縣,黃生官,,,1,0,0,,福建省閩侯縣 [Fujian Sheng Minhou Xian],1 item,"Box 4, Folder 195",Owner: 黃生官 [HUANG Shengguan] -- Place: 福建省閩侯縣 [Fujian Sheng Minhou Xian] -- Government,https://digital.library.pitt.edu/islandora/object/pitt:31735066267877,https://digital.library.pitt.edu/node/84007/manifest
84008,pitt:31735066267885,1858,1858,1858,,Government,,unlabeled,,,陳士曾,,0,1,0,,unknown,1 item,"Box 1, Folder 35",Seller: 陳士曾 [CHEN Shizeng] -- Place: unknown -- Government,https://digital.library.pitt.edu/islandora/object/pitt:31735066267885,https://digital.library.pitt.edu/node/84008/manifest
84009,pitt:31735066267893,1887,1887,1887,,Government,閩侯（閩縣・侯官・林森）,ok,福建省閩縣,,陳必清,陳必泉,0,1,1,,福建省閩縣 [Fujian Sheng Min Xian],1 item,"Box 2, Folder 64",Seller: 陳必清 [CHEN Biqing] -- Buyer: 陳必泉 [CHEN Biquan] -- Place: 福建省閩縣 [Fujian Sheng Min Xian] -- Government,https://digital.library.pitt.edu/islandora/object/pitt:31735066267893,https://digital.library.pitt.edu/node/84009/manifest
84010,pitt:31735066267901,1888,1888,1888,,Government,閩侯（閩縣・侯官・林森）,ok,福建省閩縣,,陳必清,陳必泉,0,1,1,,福建省閩縣 [Fujian Sheng Min Xian],1 item,"Box 2, Folder 69",Seller: 陳必清 [CHEN Biqing] -- Buyer: 陳必泉 [CHEN Biquan] -- Place: 福建省閩縣 [Fujian Sheng Min Xian] -- Government,https://digital.library.pitt.edu/islandora/object/pitt:31735066267901,https://digital.library.pitt.edu/node/84010/manifest
84011,pitt:31735066267919,1913,1913,1913,,Government,閩侯（閩縣・侯官・林森）,ok,福建省閩侯縣,陳必泉,,,1,0,0,,福建省閩侯縣 [Fujian Sheng Minhou Xian],1 item,"Box 2, Folder 99",Owner: 陳必泉 [CHEN Biquan] -- Place: 福建省閩侯縣 [Fujian Sheng Minhou Xian] -- Government,https://digital.library.pitt.edu/islandora/object/pitt:31735066267919,https://digital.library.pitt.edu/node/84011/manifest
84012,pitt:31735066267927,1949,1949,1949,,Government,閩侯（閩縣・侯官・林森）,ok,福建省福州市,,,,0,0,0,,福建省福州市 [Fujian Sheng Fuzhou Shi],1 item,"Box 4, Folder 191",Seller: unknown -- Place: 福建省福州市 [Fujian Sheng Fuzhou Shi] -- Government,https://digital.library.pitt.edu/islandora/object/pitt:31735066267927,https://digital.library.pitt.edu/node/84012/manifest
84013,pitt:31735066267935,1947,1947,1947,,Government,閩侯（閩縣・侯官・林森）,ok,福建省林森縣,,陳潮寳,陳敦清,0,1,1,,福建省林森縣 [Fujian Sheng Linsen Xian],1 item,"Box 4, Folder 187",Seller: 陳潮寳 [CHEN Chaobao] -- Buyer: 陳敦清 [CHEN Dunqing] -- Place: 福建省林森縣 [Fujian Sheng Linsen Xian] -- Government,https://digital.library.pitt.edu/islandora/object/pitt:31735066267935,https://digital.library.pitt.edu/node/84013/manifest
84014,pitt:31735066267943,1924,1924,1924,,Government,古田,ok,福建省古田縣,,陳敬侯,子秀,0,1,1,,福建省古田縣 [Fujian Sheng Gutian Xian],1 item,"Box 3, Folder 121",Seller: 陳敬侯 [CHEN Jinghou] -- Buyer: 子秀 [ZI Xiu] -- Place: 福建省古田縣 [Fujian Sheng Gutian Xian] -- Government,https://digital.library.pitt.edu/islandora/object/pitt:31735066267943,https://digital.library.pitt.edu/node/84014/manifest
84015,pitt:31735066267976,1837,1837,1837,,Personal,,unlabeled,,義容,,,1,0,0,,unknown,1 item,"Box 1, Folder 24-1",Owner: 義容 [Yirong] -- Place: unknown -- Personal,https://digital.library.pitt.edu/islandora/object/pitt:31735066267976,https://digital.library.pitt.edu/node/84015/manifest
84017,pitt:31735066268024,1978,1978,1978,,Government,順昌,ok,福建省順昌縣,楊世平 | 陳道祥,,,2,0,0,,福建省順昌縣 [Fujian Sheng Shunchang Xian],1 item,"Box 4, Folder 210",Owner: 楊世平 [YANG Shiping] and 陳道祥 [CHEN Daoxiang] -- Place: 福建省順昌縣 [Fujian Sheng Shunchang Xian] -- Government,https://digital.library.pitt.edu/islandora/object/pitt:31735066268024,https://digital.library.pitt.edu/node/84017/manifest
84018,pitt:31735066268032,,,,,,閩侯（閩縣・侯官・林森）,ok,福建省閩侯縣,,,,0,0,0,,福建省閩侯縣 [Fujian Sheng Minhou Xian],1 item,"Box 4, Folder 214",Place: 福建省閩侯縣 [Fujian Sheng Minhou Xian],https://digital.library.pitt.edu/islandora/object/pitt:31735066268032,https://digital.library.pitt.edu/node/84018/manifest
84019,pitt:31735066268040,1869/1899,1869,1899,Y,Government,古田,ok,福建省古田縣,阮承苑,黃象智 | 劉貞文,劉貞文 | 陸元盛,1,2,2,,福建省古田縣 [Fujian Sheng Gutian Xian],1 item,"Box 1, Folder 47",Owner: 阮承苑 [RUAN Chengyuan] --Seller: 黃象智 [HUANG Xiangzhi] and 劉貞文[LIU Zhenwen] -- Buyer: 劉貞文 [ LIU Zhenwen] and 陸元盛 [LU Yuansheng]-- Place: 福建省古田縣 [Fujian Sheng Gutian Xian] -- Government,https://digital.library.pitt.edu/islandora/object/pitt:31735066268040,https://digital.library.pitt.edu/node/84019/manifest
84020,pitt:31735068223258,1850/1923,1850,1923,Y,Personal,閩侯（閩縣・侯官・林森）,ok,福建省閩縣,,游振梅,楊坤貞,0,1,1,,福建省閩縣 [Fujian Sheng Min Xian],1 item,"Box 1, Folder 33A",Seller: 游振梅 [pin yin] -- Buyer: 楊坤貞 [pin yin] -- Place: 福建省閩縣 [Fujian Sheng Min Xian] -- Personal,https://digital.library.pitt.edu/islandora/object/pitt:31735068223258,https://digital.library.pitt.edu/node/84020/manifest
84021,pitt:31735068223266,1864,1864,1864,,Government,閩侯（閩縣・侯官・林森）,ok,福建省閩縣,,吳開揚,陳世旺,0,1,1,,福建省閩縣 [Fujian Sheng Min Xian],1 item,"Box 1, Folder 39A",Seller: 吳開揚 [WU Kaiyang] -- Buyer: 陳世旺 [CHEN Shiwang] -- Place: 福建省閩縣 [Fujian Sheng Min Xian] -- Government,https://digital.library.pitt.edu/islandora/object/pitt:31735068223266,https://digital.library.pitt.edu/node/84021/manifest
84022,pitt:31735068223290,1889/1890,1889,1890,Y,Personal,閩侯（閩縣・侯官・林森）,ok,福建省閩縣,,高金亮,林,0,1,1,,福建省閩縣 [Fujian Sheng Min Xian],1 item,"Box 2, Folder 70A",Seller: 高金亮 [GAO Jinliang] --Buyer: 林 [LIN] -- Place: 福建省閩縣 [Fujian Sheng Min Xian] -- Personal,https://digital.library.pitt.edu/islandora/object/pitt:31735068223290,https://digital.library.pitt.edu/node/84022/manifest
84023,pitt:31735068223308,1889/1897,1889,1897,Y,Personal,閩侯（閩縣・侯官・林森）,ok,福建省閩縣,,張銓銓,鄒道明,0,1,1,,福建省閩縣 [Fujian Sheng Min Xian],1 item,"Box 2, Folder 70B",Seller: 張銓銓 [ZHANG Quanquan] -- Buyer: 鄒道明 [ZOU Daoming] -- Place: 福建省閩縣 [Fujian Sheng Min Xian] -- Personal,https://digital.library.pitt.edu/islandora/object/pitt:31735068223308,https://digital.library.pitt.edu/node/84023/manifest
84024,pitt:31735068223316,1900,1900,1900,,Personal,,unlabeled,,,鄒允春,秋意軒老人會,0,1,1,,N/A,1 item,"Box 2, Folder 83A",Seller: 鄒允春 [ZOU Yunchun] -- Buyer: 秋意軒老人會 [Qiuyixuan Laoren Hui] -- Place: N/A -- Personal,https://digital.library.pitt.edu/islandora/object/pitt:31735068223316,https://digital.library.pitt.edu/node/84024/manifest
84025,pitt:31735068223324,1906/1955,1906,1955,Y,Personal,閩侯（閩縣・侯官・林森）,ok,福建省閩侯縣,,郭成亮,王駿發,0,1,1,,福建省閩侯縣 [Fujian Sheng Minhou Xian],1 item,"Box 2, Folder 88A",Seller: 郭成亮 [GUO Chengliang] -- Buyer: 王駿發 [WANG Junfa] -- Place: 福建省閩侯縣 [Fujian Sheng Minhou Xian] -- Personal,https://digital.library.pitt.edu/islandora/object/pitt:31735068223324,https://digital.library.pitt.edu/node/84025/manifest
84026,pitt:31735068223332,1906/1921,1906,1921,Y,Personal,閩侯（閩縣・侯官・林森）,ok,福建閩侯縣,,郭宗仲,王齊發,0,1,1,,福建閩侯縣 [Fujian Sheng Minhou Xian],1 item,"Box 2, Folder 88B",Seller: 郭宗仲 [GUO Zongzhong] -- Buyer: 王齊發 [WANG Qifa] -- Place: 福建閩侯縣 [Fujian Sheng Minhou Xian] -- Personal,https://digital.library.pitt.edu/islandora/object/pitt:31735068223332,https://digital.library.pitt.edu/node/84026/manifest
84027,pitt:31735068223357,1910/1915,1910,1915,Y,Personal,閩侯（閩縣・侯官・林森）,ok,福建閩侯縣,,方兆揚,方亨猷,0,1,1,,福建閩侯縣 [Fujian Sheng Minhou Xian],1 item,"Box 2, Folder 93A",Seller: 方兆揚 [FANG Zhaoyang] -- Buyer: 方亨猷 [FANG Hengyou] -- Place: 福建閩侯縣 [Fujian Sheng Minhou Xian] -- Personal,https://digital.library.pitt.edu/islandora/object/pitt:31735068223357,https://digital.library.pitt.edu/node/84027/manifest
84028,pitt:31735068223365,1913/1928,1913,1928,Y,Government,永泰（永福）,ok,福建省永泰縣,陳琮細,,,1,0,0,,福建省永泰縣 [Fujian Sheng Yongtai Xian],1 item,"Box 2, Folder 100A",Owner: 陳琮細 [CHEN Congxi] -- Place: 福建省永泰縣 [Fujian Sheng Yongtai Xian] -- Government,https://digital.library.pitt.edu/islandora/object/pitt:31735068223365,https://digital.library.pitt.edu/node/84028/manifest
84029,pitt:31735068223373,1918/1932,1918,1932,Y,Personal,閩侯（閩縣・侯官・林森）,ok,福建省閩侯縣,,陳吳氏,吳右岩,0,1,1,,福建省閩侯縣 [Fujian Sheng Minhou Xian],1 item,"Box 2, Folder 108A",Seller: 陳吳氏 [CHEN Wushi] -- Buyer: 吳右岩 [WU Youyan] -- Place: 福建省閩侯縣 [Fujian Sheng Minhou Xian] -- Personal,https://digital.library.pitt.edu/islandora/object/pitt:31735068223373,https://digital.library.pitt.edu/node/84029/manifest
84030,pitt:31735068223381,1923/1930,1923,1930,Y,Personal,永泰（永福）,ok,福建省永泰縣,,聖余,西房眾,0,1,1,,福建省永泰縣 [Fujian Sheng Yongtai Xian],1 item,"Box 3, Folder 118A",Seller: 聖余 [SHENG Yu] -- Buyer: 西房眾 [Xi Fang Zhong] -- Place: 福建省永泰縣 [Fujian Sheng Yongtai Xian] -- Personal,https://digital.library.pitt.edu/islandora/object/pitt:31735068223381,https://digital.library.pitt.edu/node/84030/manifest
84031,pitt:31735068223399,1924/1928,1924,1928,Y,Government,閩侯（閩縣・侯官・林森）,ok,福建聲閩侯縣,,王三妹,陳軍漢,0,1,1,,福建聲閩侯縣 [Fujian Sheng Minhou Xian],1 item,"Box 3, Folder 119A",Seller: 王三妹 [WANG Sanmei] -- Buyer: 陳軍漢 [CHEN Junhan] -- Place: 福建聲閩侯縣 [Fujian Sheng Minhou Xian] -- Government,https://digital.library.pitt.edu/islandora/object/pitt:31735068223399,https://digital.library.pitt.edu/node/84031/manifest
84033,pitt:31735068223407,1927,1927,1927,,Government,永泰（永福）,ok,福建省永泰縣,,陳兆濤,陳兆和,0,1,1,,福建省永泰縣 [Fujian Sheng Yongtai Xian],1 item,"Box 3, Folder 131A",Seller: 陳兆濤 [CHEN Zhaotao] -- Buyer: 陳兆和 [CHEN Zhaohe] -- Place: 福建省永泰縣 [Fujian Sheng Yongtai Xian] -- Government,https://digital.library.pitt.edu/islandora/object/pitt:31735068223407,https://digital.library.pitt.edu/node/84033/manifest
84034,pitt:31735068223415,1929,1929,1929,,Government,閩侯（閩縣・侯官・林森）,ok,福建省閩侯縣,,程道魯,程楊春,0,1,1,,福建省閩侯縣 [Fujian Sheng Minhou Xian],1 item,"Box 3, Folder 140A",Seller: 程道魯 [CHENG Daolu] -- Buyer: 程楊春 [CHENG Yangchun] -- Place: 福建省閩侯縣 [Fujian Sheng Minhou Xian] -- Government,https://digital.library.pitt.edu/islandora/object/pitt:31735068223415,https://digital.library.pitt.edu/node/84034/manifest
84035,pitt:31735068223423,1929/1935,1929,1935,Y,Personal,閩侯（閩縣・侯官・林森）,ok,福建省閩侯縣,,陳太記,陳宿漙,0,1,1,,福建省閩侯縣 [Fujian Sheng Minhou Xian],1 item,"Box 3, Folder 140B",Seller: 陳太記 [CHEN Taiji] -- Buyer: 陳宿漙 [CHEN Sutuan] -- Place: 福建省閩侯縣 [Fujian Sheng Minhou Xian] -- Personal,https://digital.library.pitt.edu/islandora/object/pitt:31735068223423,https://digital.library.pitt.edu/node/84035/manifest
84036,pitt:31735068223431,1929/1935,1929,1935,Y,Government,閩侯（閩縣・侯官・林森）,ok,福建省閩侯縣,,陳宿康,陳桂修,0,1,1,,福建省閩侯縣 [Fujian Sheng Minhou Xian],1 item,"Box 3, Folder 140C",Seller: 陳宿康 [CHEN Sukang] -- Buyer: 陳桂修 [CHEN Guixiu] -- Place: 福建省閩侯縣 [Fujian Sheng Minhou Xian] -- Government,https://digital.library.pitt.edu/islandora/object/pitt:31735068223431,https://digital.library.pitt.edu/node/84036/manifest
84037,pitt:31735068223449,1932/1935,1932,1935,Y,Personal,閩侯（閩縣・侯官・林森）,ok,福建省閩侯縣,,陳聖榜,陳桂修,0,1,1,,福建省閩侯縣 [Fujian Sheng Minhou Xian],1 item,"Box 3, Folder 147A",Seller: 陳聖榜 [CHEN Shengbang] -- Buyer: 陳桂修 [CHEN Guixiu] -- Place: 福建省閩侯縣 [Fujian Sheng Minhou Xian] -- Personal,https://digital.library.pitt.edu/islandora/object/pitt:31735068223449,https://digital.library.pitt.edu/node/84037/manifest
84038,pitt:31735068223456,1935,1935,1935,,Government,閩清,ok,福建省閩清縣,,劉人科,劉子知後裔,0,1,1,,福建省閩清縣 [Fujian Sheng Minqing Xian],1 item,"Box 3, Folder 155A",Seller: 劉人科 [LIU Renke] -- Buyer: 劉子知後裔 [descendants of LIU Zizhi] -- Place: 福建省閩清縣 [Fujian Sheng Minqing Xian] -- Government,https://digital.library.pitt.edu/islandora/object/pitt:31735068223456,https://digital.library.pitt.edu/node/84038/manifest
84039,pitt:31735068223464,1948,1948,1948,,,,non_fujian,上海市,余挹岩,,,1,0,0,,上海市 [Shanghai Shi],1 item,"Box 4, Folder 188A",Owner: 余挹岩 [YU Yiyan] -- Place: 上海市 [Shanghai Shi] -- Property Charity bazaar letter,https://digital.library.pitt.edu/islandora/object/pitt:31735068223464,https://digital.library.pitt.edu/node/84039/manifest
84040,pitt:31735068223472,1951,1951,1951,,Personal,閩侯（閩縣・侯官・林森）,ok,福建省閩侯縣,,王細細弟,王炳凱,0,1,1,,福建省閩侯縣 [Fujian Sheng Minhou Xian],1 item,"Box 4, Folder 195A",Seller: 王細細弟 [Younger brother of WANG Xixi] -- Buyer: 王炳凱 [WANG Bingkai] -- Place: 福建省閩侯縣 [Fujian Sheng Minhou Xian] -- Personal,https://digital.library.pitt.edu/islandora/object/pitt:31735068223472,https://digital.library.pitt.edu/node/84040/manifest
2389496,pitt:us-ppiu-eal201101,,,,,,,unlabeled,,,,,0,0,0,,,240 items; (5 boxes),,"Guide to the Chinese Land Records, 1584-1978 ",https://digital.library.pitt.edu/islandora/object/pitt:us-ppiu-eal201101,https://digital.library.pitt.edu/node/2389496/manifest
